dmu_id,period,input_name,input_value
Entity_18,2025-03-31,concern_count,1040400.0
Entity_101,2025-03-31,concern_count,2340900.0
Entity_104,2025-03-31,concern_count,7645225.0
Entity_69,2025-03-31,concern_count,2722500.0
Entity_3,2025-03-31,concern_count,11902500.0
Entity_47,2025-03-31,concern_count,9180900.0
Entity_73,2025-03-31,concern_count,5475600.0
Entity_57,2025-03-31,concern_count,3132900.0
Entity_66,2025-03-31,concern_count,3385600.0
Entity_40,2025-03-31,concern_count,2102500.0
Entity_8,2025-03-31,concern_count,6100900.0
Entity_13,2025-03-31,concern_count,5832225.0
Entity_26,2025-03-31,concern_count,2941225.0
Entity_67,2025-03-31,concern_count,3900625.0
Entity_118,2025-03-31,concern_count,2175625.0
Entity_27,2025-03-31,concern_count,10857025.0
Entity_53,2025-03-31,concern_count,1512900.0
Entity_70,2025-03-31,concern_count,2624400.0
Entity_11,2025-03-31,concern_count,7700625.0
Entity_63,2025-03-31,concern_count,1625625.0
Entity_114,2025-03-31,concern_count,3980025.0
Entity_33,2025-03-31,concern_count,774400.0
Entity_105,2025-03-31,concern_count,11730625.0
Entity_31,2025-03-31,concern_count,7022500.0
Entity_42,2025-03-31,concern_count,21252100.0
Entity_5,2025-03-31,concern_count,7344100.0
Entity_62,2025-03-31,concern_count,3027600.0
Entity_44,2025-03-31,concern_count,12852225.0
Entity_99,2025-03-31,concern_count,2235025.0
Entity_37,2025-03-31,concern_count,1809025.0
Entity_23,2025-03-31,concern_count,8122500.0
Entity_93,2025-03-31,concern_count,3422500.0
Entity_41,2025-03-31,concern_count,2592100.0
Entity_55,2025-03-31,concern_count,5359225.0
Entity_52,2025-03-31,concern_count,1134225.0
Entity_14,2025-03-31,concern_count,342225.0
Entity_98,2025-03-31,concern_count,12888100.0
Entity_71,2025-03-31,concern_count,4730625.0
Entity_50,2025-03-31,concern_count,883600.0
Entity_9,2025-03-31,concern_count,2640625.0
Entity_86,2025-03-31,concern_count,2805625.0
Entity_25,2025-03-31,concern_count,8555625.0
Entity_58,2025-03-31,concern_count,1177225.0
Entity_1,2025-03-31,concern_count,5616900.0
Entity_22,2025-03-31,concern_count,16728100.0
Entity_80,2025-03-31,concern_count,5198400.0
Entity_2,2025-03-31,concern_count,14062500.0
Entity_88,2025-03-31,concern_count,7236100.0
Entity_51,2025-03-31,concern_count,4818025.0
Entity_78,2025-03-31,concern_count,18705625.0
Entity_120,2025-03-31,concern_count,3404025.0
Entity_102,2025-03-31,concern_count,12888100.0
Entity_38,2025-03-31,concern_count,39000025.0
Entity_77,2025-03-31,concern_count,2739025.0
Entity_4,2025-03-31,concern_count,9765625.0
Entity_35,2025-03-31,concern_count,2117025.0
Entity_91,2025-03-31,concern_count,12567025.0
Entity_87,2025-03-31,concern_count,6502500.0
Entity_95,2025-03-31,concern_count,4326400.0
Entity_115,2025-03-31,concern_count,3496900.0
Entity_82,2025-03-31,concern_count,8702500.0
Entity_12,2025-03-31,concern_count,4223025.0
Entity_96,2025-03-31,concern_count,20385225.0
Entity_6,2025-03-31,concern_count,6125625.0
Entity_21,2025-03-31,concern_count,10336225.0
Entity_54,2025-03-31,concern_count,18966025.0
Entity_60,2025-03-31,concern_count,10336225.0
Entity_49,2025-03-31,concern_count,9734400.0
Entity_43,2025-03-31,concern_count,4326400.0
Entity_24,2025-03-31,concern_count,5832225.0
Entity_116,2025-03-31,concern_count,12040900.0
Entity_59,2025-03-31,concern_count,14212900.0
Entity_7,2025-03-31,concern_count,1755625.0
Entity_92,2025-03-31,concern_count,4120900.0
Entity_29,2025-03-31,concern_count,1020100.0
Entity_74,2025-03-31,concern_count,3276100.0
Entity_32,2025-03-31,concern_count,12924025.0
Entity_84,2025-03-31,concern_count,5152900.0
Entity_79,2025-03-31,concern_count,9486400.0
Entity_81,2025-03-31,concern_count,7980625.0
Entity_112,2025-03-31,concern_count,9922500.0
Entity_61,2025-03-31,concern_count,2073600.0
Entity_68,2025-03-31,concern_count,2822400.0
Entity_46,2025-03-31,concern_count,3027600.0
Entity_111,2025-03-31,concern_count,3629025.0
Entity_108,2025-03-31,concern_count,2002225.0
Entity_89,2025-03-31,concern_count,6528025.0
Entity_19,2025-03-31,concern_count,883600.0
Entity_15,2025-03-31,concern_count,7728400.0
Entity_48,2025-03-31,concern_count,2205225.0
Entity_119,2025-03-31,concern_count,2890000.0
Entity_72,2025-03-31,concern_count,2146225.0
Entity_85,2025-03-31,concern_count,7398400.0
Entity_76,2025-03-31,concern_count,7952400.0
Entity_64,2025-03-31,concern_count,3367225.0
Entity_34,2025-03-31,concern_count,13249600.0
Entity_30,2025-03-31,concern_count,1210000.0
Entity_107,2025-03-31,concern_count,7645225.0
Entity_97,2025-03-31,concern_count,48302500.0
Entity_65,2025-03-31,concern_count,5929225.0
Entity_121,2025-03-31,concern_count,9000000.0
Entity_106,2025-03-31,concern_count,13213225.0
Entity_20,2025-03-31,concern_count,21483225.0
Entity_75,2025-03-31,concern_count,18147600.0
Entity_117,2025-03-31,concern_count,3534400.0
Entity_100,2025-03-31,concern_count,19184400.0
Entity_10,2025-03-31,concern_count,6708100.0
Entity_109,2025-03-31,concern_count,27931225.0
Entity_17,2025-03-31,concern_count,3478225.0
Entity_36,2025-03-31,concern_count,2175625.0
Entity_90,2025-03-31,concern_count,4100625.0
Entity_94,2025-03-31,concern_count,2280100.0
Entity_56,2025-03-31,concern_count,324900.0
Entity_28,2025-03-31,concern_count,4040100.0
Entity_45,2025-03-31,concern_count,9891025.0
Entity_83,2025-03-31,concern_count,2941225.0
Entity_39,2025-03-31,concern_count,2059225.0
Entity_113,2025-03-31,concern_count,10208025.0
Entity_18,2025-07-31,concern_count,1050625.0
Entity_101,2025-07-31,concern_count,2175625.0
Entity_104,2025-07-31,concern_count,7344100.0
Entity_69,2025-07-31,concern_count,2640625.0
Entity_3,2025-07-31,concern_count,12040900.0
Entity_47,2025-07-31,concern_count,8820900.0
Entity_73,2025-07-31,concern_count,5428900.0
Entity_57,2025-07-31,concern_count,3045025.0
Entity_66,2025-07-31,concern_count,3204100.0
Entity_40,2025-07-31,concern_count,2387025.0
Entity_8,2025-07-31,concern_count,5953600.0
Entity_13,2025-07-31,concern_count,5760000.0
Entity_26,2025-07-31,concern_count,2873025.0
Entity_67,2025-07-31,concern_count,3667225.0
Entity_118,2025-07-31,concern_count,2117025.0
Entity_27,2025-07-31,concern_count,10890000.0
Entity_53,2025-07-31,concern_count,1404225.0
Entity_70,2025-07-31,concern_count,2673225.0
Entity_11,2025-07-31,concern_count,7344100.0
Entity_63,2025-07-31,concern_count,1587600.0
Entity_103,2025-07-31,concern_count,4060225.0
Entity_33,2025-07-31,concern_count,756900.0
Entity_105,2025-07-31,concern_count,11424400.0
Entity_31,2025-07-31,concern_count,6630625.0
Entity_42,2025-07-31,concern_count,20385225.0
Entity_5,2025-07-31,concern_count,7263025.0
Entity_62,2025-07-31,concern_count,2890000.0
Entity_44,2025-07-31,concern_count,12673600.0
Entity_99,2025-07-31,concern_count,2295225.0
Entity_37,2025-07-31,concern_count,1795600.0
Entity_23,2025-07-31,concern_count,7868025.0
Entity_93,2025-07-31,concern_count,3515625.0
Entity_41,2025-07-31,concern_count,2528100.0
Entity_55,2025-07-31,concern_count,5382400.0
Entity_52,2025-07-31,concern_count,1060900.0
Entity_14,2025-07-31,concern_count,348100.0
Entity_98,2025-07-31,concern_count,12285025.0
Entity_71,2025-07-31,concern_count,4818025.0
Entity_50,2025-07-31,concern_count,819025.0
Entity_9,2025-07-31,concern_count,2528100.0
Entity_86,2025-07-31,concern_count,2924100.0
Entity_25,2025-07-31,concern_count,8673025.0
Entity_58,2025-07-31,concern_count,1254400.0
Entity_1,2025-07-31,concern_count,5688225.0
Entity_22,2025-07-31,concern_count,16160400.0
Entity_80,2025-07-31,concern_count,5175625.0
Entity_2,2025-07-31,concern_count,13690000.0
Entity_88,2025-07-31,concern_count,7182400.0
Entity_51,2025-07-31,concern_count,4774225.0
Entity_78,2025-07-31,concern_count,18533025.0
Entity_120,2025-07-31,concern_count,3204100.0
Entity_102,2025-07-31,concern_count,12496225.0
Entity_38,2025-07-31,concern_count,38130625.0
Entity_77,2025-07-31,concern_count,2560000.0
Entity_4,2025-07-31,concern_count,9211225.0
Entity_35,2025-07-31,concern_count,2117025.0
Entity_91,2025-07-31,concern_count,12355225.0
Entity_87,2025-07-31,concern_count,6175225.0
Entity_95,2025-07-31,concern_count,4141225.0
Entity_115,2025-07-31,concern_count,3441025.0
Entity_82,2025-07-31,concern_count,8294400.0
Entity_12,2025-07-31,concern_count,4040100.0
Entity_96,2025-07-31,concern_count,19758025.0
Entity_6,2025-07-31,concern_count,6225025.0
Entity_21,2025-07-31,concern_count,10144225.0
Entity_54,2025-07-31,concern_count,18966025.0
Entity_60,2025-07-31,concern_count,10368400.0
Entity_49,2025-07-31,concern_count,9796900.0
Entity_43,2025-07-31,concern_count,4223025.0
Entity_24,2025-07-31,concern_count,5808100.0
Entity_116,2025-07-31,concern_count,12180100.0
Entity_59,2025-07-31,concern_count,14175225.0
Entity_110,2025-07-31,concern_count,1795600.0
Entity_92,2025-07-31,concern_count,4000000.0
Entity_29,2025-07-31,concern_count,1030225.0
Entity_74,2025-07-31,concern_count,3045025.0
Entity_32,2025-07-31,concern_count,12215025.0
Entity_84,2025-07-31,concern_count,4928400.0
Entity_79,2025-07-31,concern_count,9517225.0
Entity_81,2025-07-31,concern_count,7562500.0
Entity_112,2025-07-31,concern_count,9394225.0
Entity_61,2025-07-31,concern_count,1974025.0
Entity_68,2025-07-31,concern_count,2975625.0
Entity_46,2025-07-31,concern_count,2941225.0
Entity_111,2025-07-31,concern_count,3553225.0
Entity_108,2025-07-31,concern_count,2030625.0
Entity_89,2025-07-31,concern_count,6630625.0
Entity_19,2025-07-31,concern_count,828100.0
Entity_15,2025-07-31,concern_count,7840000.0
Entity_48,2025-07-31,concern_count,2220100.0
Entity_119,2025-07-31,concern_count,2788900.0
Entity_72,2025-07-31,concern_count,2356225.0
Entity_85,2025-07-31,concern_count,7344100.0
Entity_76,2025-07-31,concern_count,7924225.0
Entity_64,2025-07-31,concern_count,3294225.0
Entity_34,2025-07-31,concern_count,13068225.0
Entity_30,2025-07-31,concern_count,1166400.0
Entity_107,2025-07-31,concern_count,7868025.0
Entity_97,2025-07-31,concern_count,48441600.0
Entity_65,2025-07-31,concern_count,5664400.0
Entity_121,2025-07-31,concern_count,9060100.0
Entity_106,2025-07-31,concern_count,13068225.0
Entity_20,2025-07-31,concern_count,21483225.0
Entity_75,2025-07-31,concern_count,18275625.0
Entity_117,2025-07-31,concern_count,3478225.0
Entity_100,2025-07-31,concern_count,18792225.0
Entity_10,2025-07-31,concern_count,6838225.0
Entity_109,2025-07-31,concern_count,27615025.0
Entity_17,2025-07-31,concern_count,3348900.0
Entity_36,2025-07-31,concern_count,1988100.0
Entity_90,2025-07-31,concern_count,4040100.0
Entity_94,2025-07-31,concern_count,2433600.0
Entity_56,2025-07-31,concern_count,291600.0
Entity_28,2025-07-31,concern_count,4243600.0
Entity_45,2025-07-31,concern_count,9922500.0
Entity_83,2025-07-31,concern_count,2907025.0
Entity_39,2025-07-31,concern_count,1974025.0
Entity_113,2025-07-31,concern_count,10144225.0
Entity_18,2025-11-30,concern_count,1000000.0
Entity_101,2025-11-30,concern_count,2146225.0
Entity_104,2025-11-30,concern_count,7075600.0
Entity_69,2025-11-30,concern_count,2576025.0
Entity_3,2025-11-30,concern_count,11458225.0
Entity_47,2025-11-30,concern_count,8820900.0
Entity_73,2025-11-30,concern_count,5546025.0
Entity_57,2025-11-30,concern_count,2975625.0
Entity_66,2025-11-30,concern_count,3312400.0
Entity_40,2025-11-30,concern_count,2131600.0
Entity_8,2025-11-30,concern_count,6125625.0
Entity_13,2025-11-30,concern_count,5546025.0
Entity_26,2025-11-30,concern_count,2873025.0
Entity_67,2025-11-30,concern_count,3648100.0
Entity_118,2025-11-30,concern_count,1974025.0
Entity_27,2025-11-30,concern_count,11022400.0
Entity_53,2025-11-30,concern_count,1440000.0
Entity_70,2025-11-30,concern_count,2544025.0
Entity_11,2025-11-30,concern_count,7562500.0
Entity_63,2025-11-30,concern_count,1500625.0
Entity_103,2025-11-30,concern_count,4080400.0
Entity_33,2025-11-30,concern_count,810000.0
Entity_105,2025-11-30,concern_count,11696400.0
Entity_31,2025-11-30,concern_count,6502500.0
Entity_42,2025-11-30,concern_count,19316025.0
Entity_5,2025-11-30,concern_count,6838225.0
Entity_62,2025-11-30,concern_count,2907025.0
Entity_44,2025-11-30,concern_count,12320100.0
Entity_99,2025-11-30,concern_count,2131600.0
Entity_37,2025-11-30,concern_count,1836025.0
Entity_23,2025-11-30,concern_count,7645225.0
Entity_93,2025-11-30,concern_count,3724900.0
Entity_41,2025-11-30,concern_count,2656900.0
Entity_55,2025-11-30,concern_count,5452225.0
Entity_52,2025-11-30,concern_count,970225.0
Entity_14,2025-11-30,concern_count,324900.0
Entity_98,2025-11-30,concern_count,12390400.0
Entity_71,2025-11-30,concern_count,4644025.0
Entity_50,2025-11-30,concern_count,756900.0
Entity_9,2025-11-30,concern_count,2544025.0
Entity_86,2025-11-30,concern_count,2958400.0
Entity_25,2025-11-30,concern_count,8236900.0
Entity_58,2025-11-30,concern_count,1334025.0
Entity_1,2025-11-30,concern_count,5808100.0
Entity_22,2025-11-30,concern_count,15960025.0
Entity_80,2025-11-30,concern_count,4972900.0
Entity_2,2025-11-30,concern_count,13542400.0
Entity_88,2025-11-30,concern_count,6734025.0
Entity_51,2025-11-30,concern_count,4862025.0
Entity_78,2025-11-30,concern_count,17850625.0
Entity_120,2025-11-30,concern_count,3312400.0
Entity_102,2025-11-30,concern_count,12780625.0
Entity_38,2025-11-30,concern_count,37393225.0
Entity_77,2025-11-30,concern_count,2608225.0
Entity_4,2025-11-30,concern_count,8526400.0
Entity_35,2025-11-30,concern_count,2059225.0
Entity_91,2025-11-30,concern_count,12355225.0
Entity_87,2025-11-30,concern_count,6100900.0
Entity_95,2025-11-30,concern_count,4100625.0
Entity_115,2025-11-30,concern_count,3312400.0
Entity_82,2025-11-30,concern_count,7924225.0
Entity_12,2025-11-30,concern_count,4080400.0
Entity_96,2025-11-30,concern_count,19140625.0
Entity_6,2025-11-30,concern_count,5929225.0
Entity_21,2025-11-30,concern_count,10240000.0
Entity_54,2025-11-30,concern_count,19140625.0
Entity_60,2025-11-30,concern_count,10017225.0
Entity_49,2025-11-30,concern_count,9922500.0
Entity_43,2025-11-30,concern_count,4040100.0
Entity_24,2025-11-30,concern_count,5832225.0
Entity_116,2025-11-30,concern_count,11560000.0
Entity_59,2025-11-30,concern_count,14630625.0
Entity_110,2025-11-30,concern_count,1836025.0
Entity_92,2025-11-30,concern_count,4020025.0
Entity_29,2025-11-30,concern_count,1081600.0
Entity_74,2025-11-30,concern_count,3027600.0
Entity_32,2025-11-30,concern_count,12180100.0
Entity_84,2025-11-30,concern_count,4774225.0
Entity_79,2025-11-30,concern_count,9333025.0
Entity_81,2025-11-30,concern_count,7371225.0
Entity_112,2025-11-30,concern_count,9272025.0
Entity_61,2025-11-30,concern_count,1849600.0
Entity_68,2025-11-30,concern_count,3045025.0
Entity_46,2025-11-30,concern_count,3080025.0
Entity_111,2025-11-30,concern_count,3610000.0
Entity_108,2025-11-30,concern_count,2131600.0
Entity_89,2025-11-30,concern_count,6250000.0
Entity_19,2025-11-30,concern_count,756900.0
Entity_15,2025-11-30,concern_count,7924225.0
Entity_48,2025-11-30,concern_count,2265025.0
Entity_119,2025-11-30,concern_count,2560000.0
Entity_72,2025-11-30,concern_count,2544025.0
Entity_85,2025-11-30,concern_count,6943225.0
Entity_76,2025-11-30,concern_count,7952400.0
Entity_64,2025-11-30,concern_count,3459600.0
Entity_34,2025-11-30,concern_count,12355225.0
Entity_30,2025-11-30,concern_count,1177225.0
Entity_107,2025-11-30,concern_count,8122500.0
Entity_97,2025-11-30,concern_count,49632025.0
Entity_65,2025-11-30,concern_count,5712100.0
Entity_121,2025-11-30,concern_count,8410000.0
Entity_106,2025-11-30,concern_count,12673600.0
Entity_20,2025-11-30,concern_count,21390625.0
Entity_75,2025-11-30,concern_count,17305600.0
Entity_117,2025-11-30,concern_count,3610000.0
Entity_100,2025-11-30,concern_count,18922500.0
Entity_10,2025-11-30,concern_count,6812100.0
Entity_109,2025-11-30,concern_count,26574025.0
Entity_17,2025-11-30,concern_count,3629025.0
Entity_36,2025-11-30,concern_count,2088025.0
Entity_90,2025-11-30,concern_count,4060225.0
Entity_94,2025-11-30,concern_count,2449225.0
Entity_56,2025-11-30,concern_count,280900.0
Entity_28,2025-11-30,concern_count,4120900.0
Entity_45,2025-11-30,concern_count,9828225.0
Entity_16,2025-11-30,concern_count,2772225.0
Entity_39,2025-11-30,concern_count,1904400.0
Entity_113,2025-11-30,concern_count,9363600.0
Entity_18,2025-03-31,concern_count_log,6.928537818164665
Entity_101,2025-03-31,concern_count_log,7.333676395657684
Entity_104,2025-03-31,concern_count_log,7.925157512224704
Entity_69,2025-03-31,concern_count_log,7.409136443920128
Entity_3,2025-03-31,concern_count_log,8.146419323098003
Entity_47,2025-03-31,concern_count_log,8.016647877057803
Entity_73,2025-03-31,concern_count_log,7.75833346749091
Entity_57,2025-03-31,concern_count_log,7.479299637782834
Entity_66,2025-03-31,concern_count_log,7.518064181233078
Entity_40,2025-03-31,concern_count_log,7.280008252884188
Entity_8,2025-03-31,concern_count_log,7.81237820598861
Entity_13,2025-03-31,concern_count_log,7.789868559054706
Entity_26,2025-03-31,concern_count_log,7.447751280047908
Entity_67,2025-03-31,concern_count_log,7.588829878307813
Entity_118,2025-03-31,concern_count_log,7.297091005160418
Entity_27,2025-03-31,concern_count_log,8.100464891029363
Entity_53,2025-03-31,concern_count_log,7.115582126184454
Entity_70,2025-03-31,concern_count_log,7.390798521735676
Entity_11,2025-03-31,concern_count_log,7.928766321626695
Entity_63,2025-03-31,concern_count_log,7.151485463904735
Entity_114,2025-03-31,concern_count_log,7.59890045687141
Entity_33,2025-03-31,concern_count_log,6.78105762593618
Entity_105,2025-03-31,concern_count_log,8.139148678884066
Entity_31,2025-03-31,concern_count_log,7.8826922062890254
Entity_42,2025-03-31,concern_count_log,8.436200032206706
Entity_5,2025-03-31,concern_count_log,7.905072849498666
Entity_62,2025-03-31,concern_count_log,7.462214939768189
Entity_44,2025-03-31,concern_count_log,8.184792654165078
Entity_99,2025-03-31,concern_count_log,7.310550158534422
Entity_37,2025-03-31,concern_count_log,7.204892510204673
Entity_23,2025-03-31,concern_count_log,7.955425088912672
Entity_93,2025-03-31,concern_count_log,7.523481312573497
Entity_41,2025-03-31,concern_count_log,7.384610383176974
Entity_55,2025-03-31,concern_count_log,7.747596838692885
Entity_52,2025-03-31,concern_count_log,6.97166860472579
Entity_14,2025-03-31,concern_count_log,6.373319789577012
Entity_98,2025-03-31,concern_count_log,8.186185994226083
Entity_71,2025-03-31,concern_count_log,7.685243607975833
Entity_50,2025-03-31,concern_count_log,6.846943139585379
Entity_9,2025-03-31,concern_count_log,7.3938782901077555
Entity_86,2025-03-31,concern_count_log,7.424165281042028
Entity_25,2025-03-31,concern_count_log,7.98139158158007
Entity_58,2025-03-31,concern_count_log,6.990256500493881
Entity_1,2025-03-31,concern_count_log,7.771067086065406
Entity_22,2025-03-31,concern_count_log,8.316544717929398
Entity_80,2025-03-31,concern_count_log,7.732369222284388
Entity_2,2025-03-31,concern_count_log,8.229777750081887
Entity_88,2025-03-31,concern_count_log,7.897668150726906
Entity_51,2025-03-31,concern_count_log,7.694392802629421
Entity_78,2025-03-31,concern_count_log,8.372398606513004
Entity_120,2025-03-31,concern_count_log,7.520776415062797
Entity_102,2025-03-31,concern_count_log,8.186185994226083
Entity_38,2025-03-31,concern_count_log,8.739696537843024
Entity_77,2025-03-31,concern_count_log,7.412160334945205
Entity_4,2025-03-31,concern_count_log,8.047509510981422
Entity_35,2025-03-31,concern_count_log,7.283448228756631
Entity_91,2025-03-31,concern_count_log,8.173575486634153
Entity_87,2025-03-31,concern_count_log,7.844240718141811
Entity_95,2025-03-31,concern_count_log,7.640603826393634
Entity_115,2025-03-31,concern_count_log,7.534228326274089
Entity_82,2025-03-31,concern_count_log,7.989899374942939
Entity_12,2025-03-31,concern_count_log,7.628517626575055
Entity_96,2025-03-31,concern_count_log,8.415381925269553
Entity_6,2025-03-31,concern_count_log,7.814399633804487
Entity_21,2025-03-31,concern_count_log,8.075893630298857
Entity_54,2025-03-31,concern_count_log,8.37930948405285
Entity_60,2025-03-31,concern_count_log,8.075893630298857
Entity_49,2025-03-31,concern_count_log,8.045908742270779
Entity_43,2025-03-31,concern_count_log,7.640603826393634
Entity_24,2025-03-31,concern_count_log,7.789868559054706
Entity_116,2025-03-31,concern_count_log,8.152198015861787
Entity_59,2025-03-31,concern_count_log,8.235095497258357
Entity_7,2025-03-31,concern_count_log,7.189922170745808
Entity_92,2025-03-31,concern_count_log,7.616283561580385
Entity_29,2025-03-31,concern_count_log,6.918695219020472
Entity_74,2025-03-31,concern_count_log,7.501634457883413
Entity_32,2025-03-31,concern_count_log,8.18757739559151
Entity_84,2025-03-31,concern_count_log,7.7279755421055585
Entity_79,2025-03-31,concern_count_log,8.033009498596668
Entity_81,2025-03-31,concern_count_log,7.946617563244473
Entity_112,2025-03-31,concern_count_log,8.055475141757274
Entity_61,2025-03-31,concern_count_log,7.273092595999522
Entity_68,2025-03-31,concern_count_log,7.427144133408616
Entity_46,2025-03-31,concern_count_log,7.462214939768189
Entity_111,2025-03-31,concern_count_log,7.552762084214147
Entity_108,2025-03-31,concern_count_log,7.255591274253665
Entity_89,2025-03-31,concern_count_log,7.846198815497425
Entity_19,2025-03-31,concern_count_log,6.846943139585379
Entity_15,2025-03-31,concern_count_log,7.930565854233965
Entity_48,2025-03-31,concern_count_log,7.303843225277705
Entity_119,2025-03-31,concern_count_log,7.438971592395862
Entity_72,2025-03-31,concern_count_log,7.290292882446597
Entity_85,2025-03-31,concern_count_log,7.908754738783246
Entity_76,2025-03-31,concern_count_log,7.944846711001996
Entity_64,2025-03-31,concern_count_log,7.515344571180436
Entity_34,2025-03-31,concern_count_log,8.200013648175434
Entity_30,2025-03-31,concern_count_log,7.00397413672268
Entity_107,2025-03-31,concern_count_log,7.925157512224704
Entity_97,2025-03-31,concern_count_log,8.846640813100485
Entity_65,2025-03-31,concern_count_log,7.798112628829788
Entity_121,2025-03-31,concern_count_log,8.006700845440367
Entity_106,2025-03-31,concern_count_log,8.19863945529737
Entity_20,2025-03-31,concern_count_log,8.441607204459642
Entity_75,2025-03-31,concern_count_log,8.357259153499912
Entity_117,2025-03-31,concern_count_log,7.53955882930103
Entity_100,2025-03-31,concern_count_log,8.385032287813898
Entity_10,2025-03-31,concern_count_log,7.85979918056211
Entity_109,2025-03-31,concern_count_log,8.572817095164234
Entity_17,2025-03-31,concern_count_log,7.531552381407289
Entity_36,2025-03-31,concern_count_log,7.297091005160418
Entity_90,2025-03-31,concern_count_log,7.613818684808629
Entity_94,2025-03-31,concern_count_log,7.32052696227274
Entity_56,2025-03-31,concern_count_log,6.3473892096560105
Entity_28,2025-03-31,concern_count_log,7.606387389772652
Entity_45,2025-03-31,concern_count_log,8.053887083618223
Entity_83,2025-03-31,concern_count_log,7.447751280047908
Entity_39,2025-03-31,concern_count_log,7.269616749608169
Entity_113,2025-03-31,concern_count_log,8.069655306886165
Entity_18,2025-07-31,concern_count_log,6.933423025730715
Entity_101,2025-07-31,concern_count_log,7.297091005160418
Entity_104,2025-07-31,concern_count_log,7.905072849498666
Entity_69,2025-07-31,concern_count_log,7.3938782901077555
Entity_3,2025-07-31,concern_count_log,8.152198015861787
Entity_47,2025-07-31,concern_count_log,7.996653875462607
Entity_73,2025-07-31,concern_count_log,7.754052639035757
Entity_57,2025-07-31,concern_count_log,7.465082736399547
Entity_66,2025-07-31,concern_count_log,7.490529402060711
Entity_40,2025-07-31,concern_count_log,7.343426229147367
Entity_8,2025-07-31,concern_count_log,7.80016307039296
Entity_13,2025-07-31,concern_count_log,7.783640596221253
Entity_26,2025-07-31,concern_count_log,7.436027816351848
Entity_67,2025-07-31,concern_count_log,7.557994958530806
Entity_118,2025-07-31,concern_count_log,7.283448228756631
Entity_27,2025-07-31,concern_count_log,8.101980731853192
Entity_53,2025-07-31,concern_count_log,7.078341579557671
Entity_70,2025-07-31,concern_count_log,7.400009517162692
Entity_11,2025-07-31,concern_count_log,7.905072849498666
Entity_63,2025-07-31,concern_count_log,7.139660335964919
Entity_103,2025-07-31,concern_count_log,7.60887062919126
Entity_33,2025-07-31,concern_count_log,6.769641976852503
Entity_105,2025-07-31,concern_count_log,8.125926802707886
Entity_31,2025-07-31,concern_count_log,7.853993087224244
Entity_42,2025-07-31,concern_count_log,8.415381925269553
Entity_5,2025-07-31,concern_count_log,7.899524472032198
Entity_62,2025-07-31,concern_count_log,7.438971592395862
Entity_44,2025-07-31,concern_count_log,8.177796683277778
Entity_99,2025-07-31,concern_count_log,7.323830566202317
Entity_37,2025-07-31,concern_count_log,7.201170883281678
Entity_23,2025-07-31,concern_count_log,7.939515260662406
Entity_93,2025-07-31,concern_count_log,7.53689712956617
Entity_41,2025-07-31,concern_count_log,7.372118028337787
Entity_55,2025-07-31,concern_count_log,7.749753406274437
Entity_52,2025-07-31,concern_count_log,6.93828448401696
Entity_14,2025-07-31,concern_count_log,6.3818160174060985
Entity_98,2025-07-31,concern_count_log,8.16223106548118
Entity_71,2025-07-31,concern_count_log,7.694392802629421
Entity_50,2025-07-31,concern_count_log,6.80903930604298
Entity_9,2025-07-31,concern_count_log,7.372118028337787
Entity_86,2025-07-31,concern_count_log,7.444833273892193
Entity_25,2025-07-31,concern_count_log,7.988203597022576
Entity_58,2025-07-31,concern_count_log,7.02197642307216
Entity_1,2025-07-31,concern_count_log,7.777373602657861
Entity_22,2025-07-31,concern_count_log,8.299285906897275
Entity_80,2025-07-31,concern_count_log,7.730174795246222
Entity_2,2025-07-31,concern_count_log,8.216358332386156
Entity_88,2025-07-31,concern_count_log,7.893945138235959
Entity_51,2025-07-31,concern_count_log,7.689828668736484
Entity_78,2025-07-31,concern_count_log,8.367764677924308
Entity_120,2025-07-31,concern_count_log,7.490529402060711
Entity_102,2025-07-31,concern_count_log,8.170751423757533
Entity_38,2025-07-31,concern_count_log,8.728426091704613
Entity_77,2025-07-31,concern_count_log,7.378383712996714
Entity_4,2025-07-31,concern_count_log,8.01829613851552
Entity_35,2025-07-31,concern_count_log,7.283448228756631
Entity_91,2025-07-31,concern_count_log,8.165079258805068
Entity_87,2025-07-31,concern_count_log,7.818430272070656
Entity_95,2025-07-31,concern_count_log,7.618742377670413
Entity_115,2025-07-31,concern_count_log,7.526178913346146
Entity_82,2025-07-31,concern_count_log,7.965892735084528
Entity_12,2025-07-31,concern_count_log,7.606387389772652
Entity_96,2025-07-31,concern_count_log,8.399760094524142
Entity_6,2025-07-31,concern_count_log,7.822444729489319
Entity_21,2025-07-31,concern_count_log,8.066521490469993
Entity_54,2025-07-31,concern_count_log,8.37930948405285
Entity_60,2025-07-31,concern_count_log,8.0774471493312
Entity_49,2025-07-31,concern_count_log,8.049107721326406
Entity_43,2025-07-31,concern_count_log,7.628517626575055
Entity_24,2025-07-31,concern_count_log,7.787796878181171
Entity_116,2025-07-31,concern_count_log,8.157943507105037
Entity_59,2025-07-31,concern_count_log,8.233768709217097
Entity_110,2025-07-31,concern_count_log,7.201170883281678
Entity_92,2025-07-31,concern_count_log,7.601402334583733
Entity_29,2025-07-31,concern_count_log,6.923628628138427
Entity_74,2025-07-31,concern_count_log,7.465082736399547
Entity_32,2025-07-31,concern_count_log,8.159374736775426
Entity_84,2025-07-31,concern_count_log,7.7057128238944275
Entity_79,2025-07-31,concern_count_log,8.034631032923107
Entity_81,2025-07-31,concern_count_log,7.919719760924575
Entity_112,2025-07-31,concern_count_log,8.028129059431759
Entity_61,2025-07-31,concern_count_log,7.24850407237061
Entity_68,2025-07-31,concern_count_log,7.453561871643373
Entity_46,2025-07-31,concern_count_log,7.447751280047908
Entity_111,2025-07-31,concern_count_log,7.542213463193403
Entity_108,2025-07-31,concern_count_log,7.262628600974241
Entity_89,2025-07-31,concern_count_log,7.853993087224244
Entity_19,2025-07-31,concern_count_log,6.814542897259958
Entity_15,2025-07-31,concern_count_log,7.937731775260109
Entity_48,2025-07-31,concern_count_log,7.307202314764738
Entity_119,2025-07-31,concern_count_log,7.421177528595393
Entity_72,2025-07-31,concern_count_log,7.336936913707618
Entity_85,2025-07-31,concern_count_log,7.905072849498666
Entity_76,2025-07-31,concern_count_log,7.943072717277933
Entity_64,2025-07-31,concern_count_log,7.504391559161238
Entity_34,2025-07-31,concern_count_log,8.193123721512068
Entity_30,2025-07-31,concern_count_log,6.985641817639208
Entity_107,2025-07-31,concern_count_log,7.939515260662406
Entity_97,2025-07-31,concern_count_log,8.848078421168667
Entity_65,2025-07-31,concern_count_log,7.7752758464868625
Entity_121,2025-07-31,concern_count_log,8.010027528481734
Entity_106,2025-07-31,concern_count_log,8.193123721512068
Entity_20,2025-07-31,concern_count_log,8.441607204459642
Entity_75,2025-07-31,concern_count_log,8.360773272144936
Entity_117,2025-07-31,concern_count_log,7.531552381407289
Entity_100,2025-07-31,concern_count_log,8.374707543119483
Entity_10,2025-07-31,concern_count_log,7.86940171257709
Entity_109,2025-07-31,concern_count_log,8.567125560164447
Entity_17,2025-07-31,concern_count_log,7.5126175446745105
Entity_36,2025-07-31,concern_count_log,7.252053951852813
Entity_90,2025-07-31,concern_count_log,7.606387389772652
Entity_94,2025-07-31,concern_count_log,7.353081920515432
Entity_56,2025-07-31,concern_count_log,6.293419278846481
Entity_28,2025-07-31,concern_count_log,7.630946580890459
Entity_45,2025-07-31,concern_count_log,8.055475141757274
Entity_83,2025-07-31,concern_count_log,7.441906728051625
Entity_39,2025-07-31,concern_count_log,7.24850407237061
Entity_113,2025-07-31,concern_count_log,8.066521490469993
Entity_18,2025-11-30,concern_count_log,6.90875477931522
Entity_101,2025-11-30,concern_count_log,7.290292882446597
Entity_104,2025-11-30,concern_count_log,7.886457270977689
Entity_69,2025-11-30,concern_count_log,7.381501894506707
Entity_3,2025-11-30,concern_count_log,8.12740456269308
Entity_47,2025-11-30,concern_count_log,7.996653875462607
Entity_73,2025-11-30,concern_count_log,7.764720544771477
Entity_57,2025-11-30,concern_count_log,7.453561871643373
Entity_66,2025-11-30,concern_count_log,7.507141079727608
Entity_40,2025-11-30,concern_count_log,7.2868764117507
Entity_8,2025-11-30,concern_count_log,7.814399633804487
Entity_13,2025-11-30,concern_count_log,7.764720544771477
Entity_26,2025-11-30,concern_count_log,7.436027816351848
Entity_67,2025-11-30,concern_count_log,7.555381944240273
Entity_118,2025-11-30,concern_count_log,7.24850407237061
Entity_27,2025-11-30,concern_count_log,8.108021221376747
Entity_53,2025-11-30,concern_count_log,7.090909822079984
Entity_70,2025-11-30,concern_count_log,7.375255778009754
Entity_11,2025-11-30,concern_count_log,7.919719760924575
Entity_63,2025-11-30,concern_count_log,7.111512116496157
Entity_103,2025-11-30,concern_count_log,7.611347717403621
Entity_33,2025-11-30,concern_count_log,6.803505257608338
Entity_105,2025-11-30,concern_count_log,8.137688184977605
Entity_31,2025-11-30,concern_count_log,7.844240718141811
Entity_42,2025-11-30,concern_count_log,8.388450315523512
Entity_5,2025-11-30,concern_count_log,7.86940171257709
Entity_62,2025-11-30,concern_count_log,7.441906728051625
Entity_44,2025-11-30,concern_count_log,8.163656176168432
Entity_99,2025-11-30,concern_count_log,7.2868764117507
Entity_37,2025-11-30,concern_count_log,7.212294468500341
Entity_23,2025-11-30,concern_count_log,7.925157512224704
Entity_93,2025-11-30,concern_count_log,7.565793282428515
Entity_41,2025-11-30,concern_count_log,7.396948602621014
Entity_55,2025-11-30,concern_count_log,7.756195343948118
Entity_52,2025-11-30,concern_count_log,6.893656354602635
Entity_14,2025-11-30,concern_count_log,6.3473892096560105
Entity_98,2025-11-30,concern_count_log,8.166500319155052
Entity_71,2025-11-30,concern_count_log,7.676009932028887
Entity_50,2025-11-30,concern_count_log,6.769641976852503
Entity_9,2025-11-30,concern_count_log,7.375255778009754
Entity_86,2025-11-30,concern_count_log,7.450660796211539
Entity_25,2025-11-30,concern_count_log,7.962415680121063
Entity_58,2025-11-30,concern_count_log,7.052721049232323
Entity_1,2025-11-30,concern_count_log,7.787796878181171
Entity_22,2025-11-30,concern_count_log,8.293049139768444
Entity_80,2025-11-30,concern_count_log,7.710205194432532
Entity_2,2025-11-30,concern_count_log,8.210939733379021
Entity_88,2025-11-30,concern_count_log,7.86172707782398
Entity_51,2025-11-30,concern_count_log,7.698936199813447
Entity_78,2025-11-30,concern_count_log,8.349011198176003
Entity_120,2025-11-30,concern_count_log,7.507141079727608
Entity_102,2025-11-30,concern_count_log,8.182000136293405
Entity_38,2025-11-30,concern_count_log,8.718663567048953
Entity_77,2025-11-30,concern_count_log,7.38770923908104
Entity_4,2025-11-30,concern_count_log,7.979681302387741
Entity_35,2025-11-30,concern_count_log,7.269616749608169
Entity_91,2025-11-30,concern_count_log,8.165079258805068
Entity_87,2025-11-30,concern_count_log,7.81237820598861
Entity_95,2025-11-30,concern_count_log,7.613818684808629
Entity_115,2025-11-30,concern_count_log,7.507141079727608
Entity_82,2025-11-30,concern_count_log,7.943072717277933
Entity_12,2025-11-30,concern_count_log,7.611347717403621
Entity_96,2025-11-30,concern_count_log,8.383890344101816
Entity_6,2025-11-30,concern_count_log,7.798112628829788
Entity_21,2025-11-30,concern_count_log,8.071218539969863
Entity_54,2025-11-30,concern_count_log,8.383890344101816
Entity_60,2025-11-30,concern_count_log,8.060224240440958
Entity_49,2025-11-30,concern_count_log,8.055475141757274
Entity_43,2025-11-30,concern_count_log,7.606387389772652
Entity_24,2025-11-30,concern_count_log,7.789868559054706
Entity_116,2025-11-30,concern_count_log,8.131824785007195
Entity_59,2025-11-30,concern_count_log,8.249575150000199
Entity_110,2025-11-30,concern_count_log,7.212294468500341
Entity_92,2025-11-30,concern_count_log,7.603897968521881
Entity_29,2025-11-30,concern_count_log,6.947937068614969
Entity_74,2025-11-30,concern_count_log,7.462214939768189
Entity_32,2025-11-30,concern_count_log,8.157943507105037
Entity_84,2025-11-30,concern_count_log,7.689828668736484
Entity_79,2025-11-30,concern_count_log,8.024862150286411
Entity_81,2025-11-30,concern_count_log,7.906915488678587
Entity_112,2025-11-30,concern_count_log,8.021584533455107
Entity_61,2025-11-30,concern_count_log,7.215975002651466
Entity_68,2025-11-30,concern_count_log,7.465082736399547
Entity_46,2025-11-30,concern_count_log,7.470793774195062
Entity_111,2025-11-30,concern_count_log,7.550135342488429
Entity_108,2025-11-30,concern_count_log,7.2868764117507
Entity_89,2025-11-30,concern_count_log,7.824445930877619
Entity_19,2025-11-30,concern_count_log,6.769641976852503
Entity_15,2025-11-30,concern_count_log,7.943072717277933
Entity_48,2025-11-30,concern_count_log,7.317212408359839
Entity_119,2025-11-30,concern_count_log,7.378383712996714
Entity_72,2025-11-30,concern_count_log,7.375255778009754
Entity_85,2025-11-30,concern_count_log,7.877017895622398
Entity_76,2025-11-30,concern_count_log,7.944846711001996
Entity_64,2025-11-30,concern_count_log,7.528869256642251
Entity_34,2025-11-30,concern_count_log,8.165079258805068
Entity_30,2025-11-30,concern_count_log,6.990256500493881
Entity_107,2025-11-30,concern_count_log,7.955425088912672
Entity_97,2025-11-30,concern_count_log,8.860215358901183
Entity_65,2025-11-30,concern_count_log,7.779466967458324
Entity_121,2025-11-30,concern_count_log,7.972810784121404
Entity_106,2025-11-30,concern_count_log,8.177796683277778
Entity_20,2025-11-30,concern_count_log,8.439447842791385
Entity_75,2025-11-30,concern_count_log,8.333510708982942
Entity_117,2025-11-30,concern_count_log,7.550135342488429
Entity_100,2025-11-30,concern_count_log,8.37816098272068
Entity_10,2025-11-30,concern_count_log,7.867488568699128
Entity_109,2025-11-30,concern_count_log,8.547916364059079
Entity_17,2025-11-30,concern_count_log,7.552762084214147
Entity_36,2025-11-30,concern_count_log,7.27655640271871
Entity_90,2025-11-30,concern_count_log,7.60887062919126
Entity_94,2025-11-30,concern_count_log,7.356279876550748
Entity_56,2025-11-30,concern_count_log,6.274762021241939
Entity_28,2025-11-30,concern_count_log,7.616283561580385
Entity_45,2025-11-30,concern_count_log,8.0507033814703
Entity_16,2025-11-30,concern_count_log,7.418180822726788
Entity_39,2025-11-30,concern_count_log,7.2305631534092925
Entity_113,2025-11-30,concern_count_log,8.026496938945412
Entity_18,2025-03-31,concern_intensity,0.1720340601365236
Entity_101,2025-03-31,concern_intensity,0.3870766353071782
Entity_104,2025-03-31,concern_intensity,1.2641667602914786
Entity_69,2025-03-31,concern_intensity,0.4501756331427199
Entity_3,2025-03-31,concern_intensity,1.9681232225826344
Entity_47,2025-03-31,concern_intensity,1.5180964078310366
Entity_73,2025-03-31,concern_intensity,0.9054110915835728
Entity_57,2025-03-31,concern_intensity,0.5180368194941514
Entity_66,2025-03-31,concern_intensity,0.5598217166457272
Entity_40,2025-03-31,concern_intensity,0.3476562970367561
Entity_8,2025-03-31,concern_intensity,1.0088068026594748
Entity_13,2025-03-31,concern_intensity,0.964380379065491
Entity_26,2025-03-31,concern_intensity,0.4863426360294567
Entity_67,2025-03-31,concern_intensity,0.6449830409650401
Entity_118,2025-03-31,concern_intensity,0.3597477913153828
Entity_27,2025-03-31,concern_intensity,1.795249992073953
Entity_53,2025-03-31,concern_intensity,0.2501637154753428
Entity_70,2025-03-31,concern_intensity,0.4339544285104697
Entity_11,2025-03-31,concern_intensity,1.2733273590338503
Entity_63,2025-03-31,concern_intensity,0.2688032189633182
Entity_114,2025-03-31,concern_intensity,0.6581121301373198
Entity_33,2025-03-31,concern_intensity,0.1280499578717069
Entity_105,2025-03-31,concern_intensity,1.9397030437226144
Entity_31,2025-03-31,concern_intensity,1.161196835167952
Entity_42,2025-03-31,concern_intensity,3.514114811060568
Entity_5,2025-03-31,concern_intensity,1.2143746069287231
Entity_62,2025-03-31,concern_intensity,0.5006250677329287
Entity_44,2025-03-31,concern_intensity,2.125163829813661
Entity_99,2025-03-31,concern_intensity,0.3695698051294058
Entity_37,2025-03-31,concern_intensity,0.299129099998534
Entity_23,2025-03-31,concern_intensity,1.3430859798720811
Entity_93,2025-03-31,concern_intensity,0.5659232706817111
Entity_41,2025-03-31,concern_intensity,0.4286135018068849
Entity_55,2025-03-31,concern_intensity,0.8861680468427154
Entity_52,2025-03-31,concern_intensity,0.1875483774109463
Entity_14,2025-03-31,concern_intensity,0.0565881932239732
Entity_98,2025-03-31,concern_intensity,2.1310958962375346
Entity_71,2025-03-31,concern_intensity,0.782226668332701
Entity_50,2025-03-31,concern_intensity,0.1461065893277896
Entity_9,2025-03-31,concern_intensity,0.4366372933948557
Entity_86,2025-03-31,concern_intensity,0.4639206651004749
Entity_25,2025-03-31,concern_intensity,1.4147048305993322
Entity_58,2025-03-31,concern_intensity,0.1946585894311986
Entity_1,2025-03-31,concern_intensity,0.9287755789896576
Entity_22,2025-03-31,concern_intensity,2.766054365022858
Entity_80,2025-03-31,concern_intensity,0.8595750271181322
Entity_2,2025-03-31,concern_intensity,2.325287361274379
Entity_88,2025-03-31,concern_intensity,1.1965163999941362
Entity_51,2025-03-31,concern_intensity,0.7966785876482838
Entity_78,2025-03-31,concern_intensity,3.0930455749147066
Entity_120,2025-03-31,concern_intensity,0.5628683598195212
Entity_102,2025-03-31,concern_intensity,2.1310958962375346
Entity_38,2025-03-31,concern_intensity,6.448801082445144
Entity_77,2025-03-31,concern_intensity,0.4529081041574795
Entity_4,2025-03-31,concern_intensity,1.6147828897738743
Entity_35,2025-03-31,concern_intensity,0.3500580605156902
Entity_91,2025-03-31,concern_intensity,2.078004935204918
Entity_87,2025-03-31,concern_intensity,1.0752128758532729
Entity_95,2025-03-31,concern_intensity,0.7153865414981314
Entity_115,2025-03-31,concern_intensity,0.5782255910144267
Entity_82,2025-03-31,concern_intensity,1.4389911652615317
Entity_12,2025-03-31,concern_intensity,0.6982930957401411
Entity_96,2025-03-31,concern_intensity,3.3707737635011203
Entity_6,2025-03-31,concern_intensity,1.0128951745711197
Entity_21,2025-03-31,concern_intensity,1.709133749744944
Entity_54,2025-03-31,concern_intensity,3.1361036960792115
Entity_60,2025-03-31,concern_intensity,1.709133749744944
Entity_49,2025-03-31,concern_intensity,1.609619718370796
Entity_43,2025-03-31,concern_intensity,0.7153865414981314
Entity_24,2025-03-31,concern_intensity,0.964380379065491
Entity_116,2025-03-31,concern_intensity,1.9910081840617728
Entity_59,2025-03-31,concern_intensity,2.350156567968471
Entity_7,2025-03-31,concern_intensity,0.290299208791988
Entity_92,2025-03-31,concern_intensity,0.6814063421920419
Entity_29,2025-03-31,concern_intensity,0.1686773786478929
Entity_74,2025-03-31,concern_intensity,0.5417154790592706
Entity_32,2025-03-31,concern_intensity,2.1370362303498034
Entity_84,2025-03-31,concern_intensity,0.8520514306780977
Entity_79,2025-03-31,concern_intensity,1.5686119839284107
Entity_81,2025-03-31,concern_intensity,1.319626414049447
Entity_112,2025-03-31,concern_intensity,1.640722762115202
Entity_61,2025-03-31,concern_intensity,0.3428775731440749
Entity_68,2025-03-31,concern_intensity,0.466694474557213
Entity_46,2025-03-31,concern_intensity,0.5006250677329287
Entity_111,2025-03-31,concern_intensity,0.6000729575999115
Entity_108,2025-03-31,concern_intensity,0.3310754479592956
Entity_89,2025-03-31,concern_intensity,1.0794335307792484
Entity_19,2025-03-31,concern_intensity,0.1461065893277896
Entity_15,2025-03-31,concern_intensity,1.2779200599376297
Entity_48,2025-03-31,concern_intensity,0.364642262845603
Entity_119,2025-03-31,concern_intensity,0.4778723892681212
Entity_72,2025-03-31,concern_intensity,0.3548863905387452
Entity_85,2025-03-31,concern_intensity,1.2233533165263903
Entity_76,2025-03-31,concern_intensity,1.3149593039501064
Entity_64,2025-03-31,concern_intensity,0.5567833411603286
Entity_34,2025-03-31,concern_intensity,2.190871283338028
Entity_30,2025-03-31,concern_intensity,0.2000780591745421
Entity_107,2025-03-31,concern_intensity,1.2641667602914786
Entity_97,2025-03-31,concern_intensity,7.987000374610184
Entity_65,2025-03-31,concern_intensity,0.9804196945530368
Entity_121,2025-03-31,concern_intensity,1.4881839112156028
Entity_106,2025-03-31,concern_intensity,2.184856540030198
Entity_20,2025-03-31,concern_intensity,3.552332200669424
Entity_75,2025-03-31,concern_intensity,3.000774038575141
Entity_117,2025-03-31,concern_intensity,0.5844263573111586
Entity_100,2025-03-31,concern_intensity,3.1722128251471786
Entity_10,2025-03-31,concern_intensity,1.109209610536154
Entity_109,2025-03-31,concern_intensity,4.618533296171447
Entity_17,2025-03-31,concern_intensity,0.5751376093986544
Entity_36,2025-03-31,concern_intensity,0.3597477913153828
Entity_90,2025-03-31,concern_intensity,0.6780537945476091
Entity_94,2025-03-31,concern_intensity,0.3770231262180773
Entity_56,2025-03-31,concern_intensity,0.0537234391948832
Entity_28,2025-03-31,concern_intensity,0.6680457577446841
Entity_45,2025-03-31,concern_intensity,1.635518252270145
Entity_83,2025-03-31,concern_intensity,0.4863426360294567
Entity_39,2025-03-31,concern_intensity,0.3405006127303277
Entity_113,2025-03-31,concern_intensity,1.6879353966985169
Entity_18,2025-07-31,concern_intensity,0.1763892079363063
Entity_101,2025-07-31,concern_intensity,0.3652652188139693
Entity_104,2025-07-31,concern_intensity,1.2329993879881287
Entity_69,2025-07-31,concern_intensity,0.4433339699767367
Entity_3,2025-07-31,concern_intensity,2.021544141668313
Entity_47,2025-07-31,concern_intensity,1.4809390260895796
Entity_73,2025-07-31,concern_intensity,0.9114568670699952
Entity_57,2025-07-31,concern_intensity,0.5112286000202273
Entity_66,2025-07-31,concern_intensity,0.5379356679583289
Entity_40,2025-07-31,concern_intensity,0.4007571198802253
Entity_8,2025-07-31,concern_intensity,0.9995486385433372
Entity_13,2025-07-31,concern_intensity,0.9670451756936344
Entity_26,2025-07-31,concern_intensity,0.4823515565793757
Entity_67,2025-07-31,concern_intensity,0.6156896257696335
Entity_118,2025-07-31,concern_intensity,0.3554268772695862
Entity_27,2025-07-31,concern_intensity,1.828319785295777
Entity_53,2025-07-31,concern_intensity,0.2357550367774989
Entity_70,2025-07-31,concern_intensity,0.4488071770475027
Entity_11,2025-07-31,concern_intensity,1.2329993879881287
Entity_63,2025-07-31,concern_intensity,0.266541826550558
Entity_103,2025-07-31,concern_intensity,0.6816703122362303
Entity_33,2025-07-31,concern_intensity,0.1270757801184916
Entity_105,2025-07-31,concern_intensity,1.9180400877073536
Entity_31,2025-07-31,concern_intensity,1.113214221889515
Entity_42,2025-07-31,concern_intensity,3.4224710923054293
Entity_5,2025-07-31,concern_intensity,1.2193877234708783
Entity_62,2025-07-31,concern_intensity,0.4852014857212854
Entity_44,2025-07-31,concern_intensity,2.127768010185911
Entity_99,2025-07-31,concern_intensity,0.385344837392608
Entity_37,2025-07-31,concern_intensity,0.3014629023394948
Entity_23,2025-07-31,concern_intensity,1.3209610448761997
Entity_93,2025-07-31,concern_intensity,0.5902375339926969
Entity_41,2025-07-31,concern_intensity,0.4244421716442843
Entity_55,2025-07-31,concern_intensity,0.9036499919537184
Entity_52,2025-07-31,concern_intensity,0.1781142755023223
Entity_14,2025-07-31,concern_intensity,0.0584424350102351
Entity_98,2025-07-31,concern_intensity,2.062530236028766
Entity_71,2025-07-31,concern_intensity,0.8088971931634241
Entity_50,2025-07-31,concern_intensity,0.1375059331636248
Entity_9,2025-07-31,concern_intensity,0.4244421716442843
Entity_86,2025-07-31,concern_intensity,0.4909265274732217
Entity_25,2025-07-31,concern_intensity,1.4561123237708824
Entity_58,2025-07-31,concern_intensity,0.2106009493732804
Entity_1,2025-07-31,concern_intensity,0.9549948861996396
Entity_22,2025-07-31,concern_intensity,2.7131661210554534
Entity_80,2025-07-31,concern_intensity,0.8689345811544039
Entity_2,2025-07-31,concern_intensity,2.2984111901468505
Entity_88,2025-07-31,concern_intensity,1.2058516093579792
Entity_51,2025-07-31,concern_intensity,0.8015436204732539
Entity_78,2025-07-31,concern_intensity,3.1115056279964444
Entity_120,2025-07-31,concern_intensity,0.5379356679583289
Entity_102,2025-07-31,concern_intensity,2.0979885591375327
Entity_38,2025-07-31,concern_intensity,6.401742526464078
Entity_77,2025-07-31,concern_intensity,0.4297978558638375
Entity_4,2025-07-31,concern_intensity,1.5464706073747567
Entity_35,2025-07-31,concern_intensity,0.3554268772695862
Entity_91,2025-07-31,concern_intensity,2.074316099107532
Entity_87,2025-07-31,concern_intensity,1.0367572126862366
Entity_95,2025-07-31,concern_intensity,0.6952693850194221
Entity_115,2025-07-31,concern_intensity,0.5777129558491647
Entity_82,2025-07-31,concern_intensity,1.3925450529988337
Entity_12,2025-07-31,concern_intensity,0.6782915302638634
Entity_96,2025-07-31,concern_intensity,3.3171706176187885
Entity_6,2025-07-31,concern_intensity,1.045118124101088
Entity_21,2025-07-31,concern_intensity,1.703111779062632
Entity_54,2025-07-31,concern_intensity,3.1842019059609137
Entity_60,2025-07-31,concern_intensity,1.740748472163521
Entity_49,2025-07-31,concern_intensity,1.6447994586376682
Entity_43,2025-07-31,concern_intensity,0.7090027696325713
Entity_24,2025-07-31,concern_intensity,0.975120674469826
Entity_116,2025-07-31,concern_intensity,2.044914400080909
Entity_59,2025-07-31,concern_intensity,2.379875512260729
Entity_110,2025-07-31,concern_intensity,0.3014629023394948
Entity_92,2025-07-31,concern_intensity,0.6715591497872463
Entity_29,2025-07-31,concern_intensity,0.1729642562723914
Entity_74,2025-07-31,concern_intensity,0.5112286000202273
Entity_32,2025-07-31,concern_intensity,2.0507779509074893
Entity_84,2025-07-31,concern_intensity,0.827428028452866
Entity_79,2025-07-31,concern_intensity,1.597844882333481
Entity_81,2025-07-31,concern_intensity,1.2696665175665125
Entity_112,2025-07-31,concern_intensity,1.5771944384775232
Entity_61,2025-07-31,concern_intensity,0.3314186376646921
Entity_68,2025-07-31,concern_intensity,0.4995770487714186
Entity_46,2025-07-31,concern_intensity,0.4938016400832483
Entity_111,2025-07-31,concern_intensity,0.596550190000697
Entity_108,2025-07-31,concern_intensity,0.3409211996341817
Entity_89,2025-07-31,concern_intensity,1.113214221889515
Entity_19,2025-07-31,concern_intensity,0.1390295329847046
Entity_15,2025-07-31,concern_intensity,1.3162559335830026
Entity_48,2025-07-31,concern_intensity,0.3727321171106663
Entity_119,2025-07-31,concern_intensity,0.4682278282104127
Entity_72,2025-07-31,concern_intensity,0.3955861144268636
Entity_85,2025-07-31,concern_intensity,1.2329993879881287
Entity_76,2025-07-31,concern_intensity,1.33039645093071
Entity_64,2025-07-31,concern_intensity,0.5530667350519728
Entity_34,2025-07-31,concern_intensity,2.194021517557109
Entity_30,2025-07-31,concern_intensity,0.195826648077961
Entity_107,2025-07-31,concern_intensity,1.3209610448761997
Entity_97,2025-07-31,concern_intensity,8.132849927583466
Entity_65,2025-07-31,concern_intensity,0.9509949120137192
Entity_121,2025-07-31,concern_intensity,1.5210982632468573
Entity_106,2025-07-31,concern_intensity,2.194021517557109
Entity_20,2025-07-31,concern_intensity,3.606814078922028
Entity_75,2025-07-31,concern_intensity,3.068290796707635
Entity_117,2025-07-31,concern_intensity,0.583958455942186
Entity_100,2025-07-31,concern_intensity,3.155022660902658
Entity_10,2025-07-31,concern_intensity,1.148068141763473
Entity_109,2025-07-31,concern_intensity,4.6362806775883865
Entity_17,2025-07-31,concern_intensity,0.5622461091806272
Entity_36,2025-07-31,concern_intensity,0.333781686423006
Entity_90,2025-07-31,concern_intensity,0.6782915302638634
Entity_94,2025-07-31,concern_intensity,0.4085765867305606
Entity_56,2025-07-31,concern_intensity,0.0489566620194902
Entity_28,2025-07-31,concern_intensity,0.7124571020092895
Entity_45,2025-07-31,concern_intensity,1.6658864159409876
Entity_83,2025-07-31,concern_intensity,0.4880598093525673
Entity_39,2025-07-31,concern_intensity,0.3314186376646921
Entity_113,2025-07-31,concern_intensity,1.703111779062632
Entity_18,2025-11-30,concern_intensity,0.1700321255179837
Entity_101,2025-11-30,concern_intensity,0.3649271985898346
Entity_104,2025-11-30,concern_intensity,1.2030793073150456
Entity_69,2025-11-30,concern_intensity,0.438007006137464
Entity_3,2025-11-30,concern_intensity,1.948266351413299
Entity_47,2025-11-30,concern_intensity,1.4998363759815825
Entity_73,2025-11-30,concern_intensity,0.9430024189258756
Entity_57,2025-11-30,concern_intensity,0.5059518434944503
Entity_66,2025-11-30,concern_intensity,0.5632144125657693
Entity_40,2025-11-30,concern_intensity,0.3624404787541341
Entity_8,2025-11-30,concern_intensity,1.0415530388760992
Entity_13,2025-11-30,concern_intensity,0.9430024189258756
Entity_26,2025-11-30,concern_intensity,0.4885065474163051
Entity_67,2025-11-30,concern_intensity,0.6202941971021565
Entity_118,2025-11-30,concern_intensity,0.3356476665756378
Entity_27,2025-11-30,concern_intensity,1.874162100309424
Entity_53,2025-11-30,concern_intensity,0.2448462607458965
Entity_70,2025-11-30,concern_intensity,0.4325659781208885
Entity_11,2025-11-30,concern_intensity,1.2858679492297518
Entity_63,2025-11-30,concern_intensity,0.2551544583554243
Entity_103,2025-11-30,concern_intensity,0.6937990849635809
Entity_33,2025-11-30,concern_intensity,0.1377260216695668
Entity_105,2025-11-30,concern_intensity,1.988763752908545
Entity_31,2025-11-30,concern_intensity,1.1056338961806893
Entity_42,2025-11-30,concern_intensity,3.284344787308511
Entity_5,2025-11-30,concern_intensity,1.162717931520214
Entity_62,2025-11-30,concern_intensity,0.4942876396839166
Entity_44,2025-11-30,concern_intensity,2.094812789594111
Entity_99,2025-11-30,concern_intensity,0.3624404787541341
Entity_37,2025-11-30,concern_intensity,0.3121832332541561
Entity_23,2025-11-30,concern_intensity,1.2999338568132277
Entity_93,2025-11-30,concern_intensity,0.6333526643419376
Entity_41,2025-11-30,concern_intensity,0.451758354288731
Entity_55,2025-11-30,concern_intensity,0.9270534055522888
Entity_52,2025-11-30,concern_intensity,0.1649694189806857
Entity_14,2025-11-30,concern_intensity,0.0552434375807929
Entity_98,2025-11-30,concern_intensity,2.106766048018025
Entity_71,2025-11-30,concern_intensity,0.7896334417086545
Entity_50,2025-11-30,concern_intensity,0.1286973158045619
Entity_9,2025-11-30,concern_intensity,0.4325659781208885
Entity_86,2025-11-30,concern_intensity,0.5030230401324032
Entity_25,2025-11-30,concern_intensity,1.4005376146790802
Entity_58,2025-11-30,concern_intensity,0.2268271062441282
Entity_1,2025-11-30,concern_intensity,0.9875635882210012
Entity_22,2025-11-30,concern_intensity,2.7137169740701585
Entity_80,2025-11-30,concern_intensity,0.8455527569883813
Entity_2,2025-11-30,concern_intensity,2.302643056614743
Entity_88,2025-11-30,concern_intensity,1.1450005840412405
Entity_51,2025-11-30,concern_intensity,0.8267004450715749
Entity_78,2025-11-30,concern_intensity,3.0351797105744587
Entity_120,2025-11-30,concern_intensity,0.5632144125657693
Entity_102,2025-11-30,concern_intensity,2.173116834198281
Entity_38,2025-11-30,concern_intensity,6.358049526722207
Entity_77,2025-11-30,concern_intensity,0.443482040579143
Entity_4,2025-11-30,concern_intensity,1.4497619150165364
Entity_35,2025-11-30,concern_intensity,0.35013440366977
Entity_91,2025-11-30,concern_intensity,2.100785168002931
Entity_87,2025-11-30,concern_intensity,1.0373489945726668
Entity_95,2025-11-30,concern_intensity,0.697237984702182
Entity_115,2025-11-30,concern_intensity,0.5632144125657693
Entity_82,2025-11-30,concern_intensity,1.3473728198327448
Entity_12,2025-11-30,concern_intensity,0.6937990849635809
Entity_96,2025-11-30,concern_intensity,3.2545211524926576
Entity_6,2025-11-30,concern_intensity,1.0081587294243672
Entity_21,2025-11-30,concern_intensity,1.7411289653041533
Entity_54,2025-11-30,concern_intensity,3.2545211524926576
Entity_60,2025-11-30,concern_intensity,1.7032500585418844
Entity_49,2025-11-30,concern_intensity,1.6871437654521937
Entity_43,2025-11-30,concern_intensity,0.6869467903052061
Entity_24,2025-11-30,concern_intensity,0.9916656132491228
Entity_116,2025-11-30,concern_intensity,1.965571370987892
Entity_59,2025-11-30,concern_intensity,2.4876762664065506
Entity_110,2025-11-30,concern_intensity,0.3121832332541561
Entity_92,2025-11-30,concern_intensity,0.6835333953854326
Entity_29,2025-11-30,concern_intensity,0.1839067469602512
Entity_74,2025-11-30,concern_intensity,0.5147892632182476
Entity_32,2025-11-30,concern_intensity,2.071008292021594
Entity_84,2025-11-30,concern_intensity,0.8117716244510957
Entity_79,2025-11-30,concern_intensity,1.58691407826248
Entity_81,2025-11-30,concern_intensity,1.2533450544212994
Entity_112,2025-11-30,concern_intensity,1.576542118605883
Entity_61,2025-11-30,concern_intensity,0.3144914193580627
Entity_68,2025-11-30,concern_intensity,0.5177520730053985
Entity_46,2025-11-30,concern_intensity,0.5237031973985278
Entity_111,2025-11-30,concern_intensity,0.6138159731199213
Entity_108,2025-11-30,concern_intensity,0.3624404787541341
Entity_89,2025-11-30,concern_intensity,1.0627007844873984
Entity_19,2025-11-30,concern_intensity,0.1286973158045619
Entity_15,2025-11-30,concern_intensity,1.3473728198327448
Entity_48,2025-11-30,concern_intensity,0.3851270151013711
Entity_119,2025-11-30,concern_intensity,0.4352822413260383
Entity_72,2025-11-30,concern_intensity,0.4325659781208885
Entity_85,2025-11-30,concern_intensity,1.1805713046996027
Entity_76,2025-11-30,concern_intensity,1.3521634749692135
Entity_64,2025-11-30,concern_intensity,0.5882431414420164
Entity_34,2025-11-30,concern_intensity,2.100785168002931
Entity_30,2025-11-30,concern_intensity,0.2001660689629084
Entity_107,2025-11-30,concern_intensity,1.3810859395198225
Entity_97,2025-11-30,concern_intensity,8.439038704511706
Entity_65,2025-11-30,concern_intensity,0.9712405041712748
Entity_121,2025-11-30,concern_intensity,1.4299701756062435
Entity_106,2025-11-30,concern_intensity,2.1549191459647186
Entity_20,2025-11-30,concern_intensity,3.63709343490812
Entity_75,2025-11-30,concern_intensity,2.942507951364019
Entity_117,2025-11-30,concern_intensity,0.6138159731199213
Entity_100,2025-11-30,concern_intensity,3.2174328951140474
Entity_10,2025-11-30,concern_intensity,1.158275842241057
Entity_109,2025-11-30,concern_intensity,4.5184379543180375
Entity_17,2025-11-30,concern_intensity,0.617050834307901
Entity_36,2025-11-30,concern_intensity,0.355031328884688
Entity_90,2025-11-30,concern_intensity,0.6903686868312555
Entity_94,2025-11-30,concern_intensity,0.4164469326217836
Entity_56,2025-11-30,concern_intensity,0.0477620240580016
Entity_28,2025-11-30,concern_intensity,0.7006853860470591
Entity_45,2025-11-30,concern_intensity,1.6711139868189857
Entity_16,2025-11-30,concern_intensity,0.4713673091640925
Entity_39,2025-11-30,concern_intensity,0.3238091798364482
Entity_113,2025-11-30,concern_intensity,1.5921128105001927
Entity_18,2025-03-31,high_risk_flag,0.0
Entity_101,2025-03-31,high_risk_flag,0.0
Entity_104,2025-03-31,high_risk_flag,1.0
Entity_69,2025-03-31,high_risk_flag,0.0
Entity_3,2025-03-31,high_risk_flag,1.0
Entity_47,2025-03-31,high_risk_flag,1.0
Entity_73,2025-03-31,high_risk_flag,0.0
Entity_57,2025-03-31,high_risk_flag,0.0
Entity_66,2025-03-31,high_risk_flag,0.0
Entity_40,2025-03-31,high_risk_flag,0.0
Entity_8,2025-03-31,high_risk_flag,1.0
Entity_13,2025-03-31,high_risk_flag,0.0
Entity_26,2025-03-31,high_risk_flag,0.0
Entity_67,2025-03-31,high_risk_flag,0.0
Entity_118,2025-03-31,high_risk_flag,0.0
Entity_27,2025-03-31,high_risk_flag,1.0
Entity_53,2025-03-31,high_risk_flag,0.0
Entity_70,2025-03-31,high_risk_flag,0.0
Entity_11,2025-03-31,high_risk_flag,1.0
Entity_63,2025-03-31,high_risk_flag,0.0
Entity_114,2025-03-31,high_risk_flag,0.0
Entity_33,2025-03-31,high_risk_flag,0.0
Entity_105,2025-03-31,high_risk_flag,1.0
Entity_31,2025-03-31,high_risk_flag,1.0
Entity_42,2025-03-31,high_risk_flag,1.0
Entity_5,2025-03-31,high_risk_flag,1.0
Entity_62,2025-03-31,high_risk_flag,0.0
Entity_44,2025-03-31,high_risk_flag,1.0
Entity_99,2025-03-31,high_risk_flag,0.0
Entity_37,2025-03-31,high_risk_flag,0.0
Entity_23,2025-03-31,high_risk_flag,1.0
Entity_93,2025-03-31,high_risk_flag,0.0
Entity_41,2025-03-31,high_risk_flag,0.0
Entity_55,2025-03-31,high_risk_flag,0.0
Entity_52,2025-03-31,high_risk_flag,0.0
Entity_14,2025-03-31,high_risk_flag,0.0
Entity_98,2025-03-31,high_risk_flag,1.0
Entity_71,2025-03-31,high_risk_flag,0.0
Entity_50,2025-03-31,high_risk_flag,0.0
Entity_9,2025-03-31,high_risk_flag,0.0
Entity_86,2025-03-31,high_risk_flag,0.0
Entity_25,2025-03-31,high_risk_flag,1.0
Entity_58,2025-03-31,high_risk_flag,0.0
Entity_1,2025-03-31,high_risk_flag,0.0
Entity_22,2025-03-31,high_risk_flag,1.0
Entity_80,2025-03-31,high_risk_flag,0.0
Entity_2,2025-03-31,high_risk_flag,1.0
Entity_88,2025-03-31,high_risk_flag,1.0
Entity_51,2025-03-31,high_risk_flag,0.0
Entity_78,2025-03-31,high_risk_flag,1.0
Entity_120,2025-03-31,high_risk_flag,0.0
Entity_102,2025-03-31,high_risk_flag,1.0
Entity_38,2025-03-31,high_risk_flag,1.0
Entity_77,2025-03-31,high_risk_flag,0.0
Entity_4,2025-03-31,high_risk_flag,1.0
Entity_35,2025-03-31,high_risk_flag,0.0
Entity_91,2025-03-31,high_risk_flag,1.0
Entity_87,2025-03-31,high_risk_flag,1.0
Entity_95,2025-03-31,high_risk_flag,0.0
Entity_115,2025-03-31,high_risk_flag,0.0
Entity_82,2025-03-31,high_risk_flag,1.0
Entity_12,2025-03-31,high_risk_flag,0.0
Entity_96,2025-03-31,high_risk_flag,1.0
Entity_6,2025-03-31,high_risk_flag,1.0
Entity_21,2025-03-31,high_risk_flag,1.0
Entity_54,2025-03-31,high_risk_flag,1.0
Entity_60,2025-03-31,high_risk_flag,1.0
Entity_49,2025-03-31,high_risk_flag,1.0
Entity_43,2025-03-31,high_risk_flag,0.0
Entity_24,2025-03-31,high_risk_flag,0.0
Entity_116,2025-03-31,high_risk_flag,1.0
Entity_59,2025-03-31,high_risk_flag,1.0
Entity_7,2025-03-31,high_risk_flag,0.0
Entity_92,2025-03-31,high_risk_flag,0.0
Entity_29,2025-03-31,high_risk_flag,0.0
Entity_74,2025-03-31,high_risk_flag,0.0
Entity_32,2025-03-31,high_risk_flag,1.0
Entity_84,2025-03-31,high_risk_flag,0.0
Entity_79,2025-03-31,high_risk_flag,1.0
Entity_81,2025-03-31,high_risk_flag,1.0
Entity_112,2025-03-31,high_risk_flag,1.0
Entity_61,2025-03-31,high_risk_flag,0.0
Entity_68,2025-03-31,high_risk_flag,0.0
Entity_46,2025-03-31,high_risk_flag,0.0
Entity_111,2025-03-31,high_risk_flag,0.0
Entity_108,2025-03-31,high_risk_flag,0.0
Entity_89,2025-03-31,high_risk_flag,1.0
Entity_19,2025-03-31,high_risk_flag,0.0
Entity_15,2025-03-31,high_risk_flag,1.0
Entity_48,2025-03-31,high_risk_flag,0.0
Entity_119,2025-03-31,high_risk_flag,0.0
Entity_72,2025-03-31,high_risk_flag,0.0
Entity_85,2025-03-31,high_risk_flag,1.0
Entity_76,2025-03-31,high_risk_flag,1.0
Entity_64,2025-03-31,high_risk_flag,0.0
Entity_34,2025-03-31,high_risk_flag,1.0
Entity_30,2025-03-31,high_risk_flag,0.0
Entity_107,2025-03-31,high_risk_flag,1.0
Entity_97,2025-03-31,high_risk_flag,1.0
Entity_65,2025-03-31,high_risk_flag,0.0
Entity_121,2025-03-31,high_risk_flag,1.0
Entity_106,2025-03-31,high_risk_flag,1.0
Entity_20,2025-03-31,high_risk_flag,1.0
Entity_75,2025-03-31,high_risk_flag,1.0
Entity_117,2025-03-31,high_risk_flag,0.0
Entity_100,2025-03-31,high_risk_flag,1.0
Entity_10,2025-03-31,high_risk_flag,1.0
Entity_109,2025-03-31,high_risk_flag,1.0
Entity_17,2025-03-31,high_risk_flag,0.0
Entity_36,2025-03-31,high_risk_flag,0.0
Entity_90,2025-03-31,high_risk_flag,0.0
Entity_94,2025-03-31,high_risk_flag,0.0
Entity_56,2025-03-31,high_risk_flag,0.0
Entity_28,2025-03-31,high_risk_flag,0.0
Entity_45,2025-03-31,high_risk_flag,1.0
Entity_83,2025-03-31,high_risk_flag,0.0
Entity_39,2025-03-31,high_risk_flag,0.0
Entity_113,2025-03-31,high_risk_flag,1.0
Entity_18,2025-03-31,risk_category,1.0
Entity_101,2025-03-31,risk_category,1.0
Entity_104,2025-03-31,risk_category,3.0
Entity_69,2025-03-31,risk_category,1.0
Entity_3,2025-03-31,risk_category,4.0
Entity_47,2025-03-31,risk_category,3.0
Entity_73,2025-03-31,risk_category,3.0
Entity_57,2025-03-31,risk_category,2.0
Entity_66,2025-03-31,risk_category,2.0
Entity_40,2025-03-31,risk_category,1.0
Entity_8,2025-03-31,risk_category,3.0
Entity_13,2025-03-31,risk_category,3.0
Entity_26,2025-03-31,risk_category,2.0
Entity_67,2025-03-31,risk_category,2.0
Entity_118,2025-03-31,risk_category,1.0
Entity_27,2025-03-31,risk_category,4.0
Entity_53,2025-03-31,risk_category,1.0
Entity_70,2025-03-31,risk_category,1.0
Entity_11,2025-03-31,risk_category,3.0
Entity_63,2025-03-31,risk_category,1.0
Entity_114,2025-03-31,risk_category,2.0
Entity_33,2025-03-31,risk_category,1.0
Entity_105,2025-03-31,risk_category,4.0
Entity_31,2025-03-31,risk_category,3.0
Entity_42,2025-03-31,risk_category,4.0
Entity_5,2025-03-31,risk_category,3.0
Entity_62,2025-03-31,risk_category,2.0
Entity_44,2025-03-31,risk_category,4.0
Entity_99,2025-03-31,risk_category,1.0
Entity_37,2025-03-31,risk_category,1.0
Entity_23,2025-03-31,risk_category,3.0
Entity_93,2025-03-31,risk_category,2.0
Entity_41,2025-03-31,risk_category,1.0
Entity_55,2025-03-31,risk_category,3.0
Entity_52,2025-03-31,risk_category,1.0
Entity_14,2025-03-31,risk_category,1.0
Entity_98,2025-03-31,risk_category,4.0
Entity_71,2025-03-31,risk_category,2.0
Entity_50,2025-03-31,risk_category,1.0
Entity_9,2025-03-31,risk_category,1.0
Entity_86,2025-03-31,risk_category,2.0
Entity_25,2025-03-31,risk_category,3.0
Entity_58,2025-03-31,risk_category,1.0
Entity_1,2025-03-31,risk_category,3.0
Entity_22,2025-03-31,risk_category,4.0
Entity_80,2025-03-31,risk_category,3.0
Entity_2,2025-03-31,risk_category,4.0
Entity_88,2025-03-31,risk_category,3.0
Entity_51,2025-03-31,risk_category,2.0
Entity_78,2025-03-31,risk_category,4.0
Entity_120,2025-03-31,risk_category,2.0
Entity_102,2025-03-31,risk_category,4.0
Entity_38,2025-03-31,risk_category,4.0
Entity_77,2025-03-31,risk_category,2.0
Entity_4,2025-03-31,risk_category,4.0
Entity_35,2025-03-31,risk_category,1.0
Entity_91,2025-03-31,risk_category,4.0
Entity_87,2025-03-31,risk_category,3.0
Entity_95,2025-03-31,risk_category,2.0
Entity_115,2025-03-31,risk_category,2.0
Entity_82,2025-03-31,risk_category,3.0
Entity_12,2025-03-31,risk_category,2.0
Entity_96,2025-03-31,risk_category,4.0
Entity_6,2025-03-31,risk_category,3.0
Entity_21,2025-03-31,risk_category,4.0
Entity_54,2025-03-31,risk_category,4.0
Entity_60,2025-03-31,risk_category,4.0
Entity_49,2025-03-31,risk_category,3.0
Entity_43,2025-03-31,risk_category,2.0
Entity_24,2025-03-31,risk_category,3.0
Entity_116,2025-03-31,risk_category,4.0
Entity_59,2025-03-31,risk_category,4.0
Entity_7,2025-03-31,risk_category,1.0
Entity_92,2025-03-31,risk_category,2.0
Entity_29,2025-03-31,risk_category,1.0
Entity_74,2025-03-31,risk_category,2.0
Entity_32,2025-03-31,risk_category,4.0
Entity_84,2025-03-31,risk_category,2.0
Entity_79,2025-03-31,risk_category,3.0
Entity_81,2025-03-31,risk_category,3.0
Entity_112,2025-03-31,risk_category,4.0
Entity_61,2025-03-31,risk_category,1.0
Entity_68,2025-03-31,risk_category,2.0
Entity_46,2025-03-31,risk_category,2.0
Entity_111,2025-03-31,risk_category,2.0
Entity_108,2025-03-31,risk_category,1.0
Entity_89,2025-03-31,risk_category,3.0
Entity_19,2025-03-31,risk_category,1.0
Entity_15,2025-03-31,risk_category,3.0
Entity_48,2025-03-31,risk_category,1.0
Entity_119,2025-03-31,risk_category,2.0
Entity_72,2025-03-31,risk_category,1.0
Entity_85,2025-03-31,risk_category,3.0
Entity_76,2025-03-31,risk_category,3.0
Entity_64,2025-03-31,risk_category,2.0
Entity_34,2025-03-31,risk_category,4.0
Entity_30,2025-03-31,risk_category,1.0
Entity_107,2025-03-31,risk_category,3.0
Entity_97,2025-03-31,risk_category,4.0
Entity_65,2025-03-31,risk_category,3.0
Entity_121,2025-03-31,risk_category,3.0
Entity_106,2025-03-31,risk_category,4.0
Entity_20,2025-03-31,risk_category,4.0
Entity_75,2025-03-31,risk_category,4.0
Entity_117,2025-03-31,risk_category,2.0
Entity_100,2025-03-31,risk_category,4.0
Entity_10,2025-03-31,risk_category,3.0
Entity_109,2025-03-31,risk_category,4.0
Entity_17,2025-03-31,risk_category,2.0
Entity_36,2025-03-31,risk_category,1.0
Entity_90,2025-03-31,risk_category,2.0
Entity_94,2025-03-31,risk_category,1.0
Entity_56,2025-03-31,risk_category,1.0
Entity_28,2025-03-31,risk_category,2.0
Entity_45,2025-03-31,risk_category,4.0
Entity_83,2025-03-31,risk_category,2.0
Entity_39,2025-03-31,risk_category,1.0
Entity_113,2025-03-31,risk_category,4.0
Entity_18,2025-03-31,risk_percentile,0.059322033898305
Entity_101,2025-03-31,risk_percentile,0.2203389830508474
Entity_104,2025-03-31,risk_percentile,0.6483050847457628
Entity_69,2025-03-31,risk_percentile,0.2542372881355932
Entity_3,2025-03-31,risk_percentile,0.8220338983050848
Entity_47,2025-03-31,risk_percentile,0.7288135593220338
Entity_73,2025-03-31,risk_percentile,0.5254237288135594
Entity_57,2025-03-31,risk_percentile,0.3305084745762712
Entity_66,2025-03-31,risk_percentile,0.3559322033898305
Entity_40,2025-03-31,risk_percentile,0.1525423728813559
Entity_8,2025-03-31,risk_percentile,0.5677966101694916
Entity_13,2025-03-31,risk_percentile,0.5466101694915254
Entity_26,2025-03-31,risk_percentile,0.3008474576271186
Entity_67,2025-03-31,risk_percentile,0.4152542372881356
Entity_118,2025-03-31,risk_percentile,0.1822033898305084
Entity_27,2025-03-31,risk_percentile,0.8050847457627118
Entity_53,2025-03-31,risk_percentile,0.0932203389830508
Entity_70,2025-03-31,risk_percentile,0.2372881355932203
Entity_11,2025-03-31,risk_percentile,0.6610169491525424
Entity_63,2025-03-31,risk_percentile,0.1016949152542373
Entity_114,2025-03-31,risk_percentile,0.423728813559322
Entity_33,2025-03-31,risk_percentile,0.0254237288135593
Entity_105,2025-03-31,risk_percentile,0.8135593220338984
Entity_31,2025-03-31,risk_percentile,0.6101694915254238
Entity_42,2025-03-31,risk_percentile,0.9661016949152542
Entity_5,2025-03-31,risk_percentile,0.6271186440677966
Entity_62,2025-03-31,risk_percentile,0.3177966101694915
Entity_44,2025-03-31,risk_percentile,0.847457627118644
Entity_99,2025-03-31,risk_percentile,0.2033898305084746
Entity_37,2025-03-31,risk_percentile,0.1186440677966101
Entity_23,2025-03-31,risk_percentile,0.6949152542372882
Entity_93,2025-03-31,risk_percentile,0.3728813559322034
Entity_41,2025-03-31,risk_percentile,0.2288135593220339
Entity_55,2025-03-31,risk_percentile,0.5169491525423728
Entity_52,2025-03-31,risk_percentile,0.0677966101694915
Entity_14,2025-03-31,risk_percentile,0.0169491525423728
Entity_98,2025-03-31,risk_percentile,0.8601694915254238
Entity_71,2025-03-31,risk_percentile,0.4830508474576271
Entity_50,2025-03-31,risk_percentile,0.0381355932203389
Entity_9,2025-03-31,risk_percentile,0.2457627118644068
Entity_86,2025-03-31,risk_percentile,0.2711864406779661
Entity_25,2025-03-31,risk_percentile,0.7033898305084746
Entity_58,2025-03-31,risk_percentile,0.0762711864406779
Entity_1,2025-03-31,risk_percentile,0.5338983050847458
Entity_22,2025-03-31,risk_percentile,0.9152542372881356
Entity_80,2025-03-31,risk_percentile,0.5084745762711864
Entity_2,2025-03-31,risk_percentile,0.8983050847457628
Entity_88,2025-03-31,risk_percentile,0.6186440677966102
Entity_51,2025-03-31,risk_percentile,0.4915254237288136
Entity_78,2025-03-31,risk_percentile,0.9322033898305084
Entity_120,2025-03-31,risk_percentile,0.3644067796610169
Entity_102,2025-03-31,risk_percentile,0.8601694915254238
Entity_38,2025-03-31,risk_percentile,0.9915254237288136
Entity_77,2025-03-31,risk_percentile,0.2627118644067797
Entity_4,2025-03-31,risk_percentile,0.7542372881355932
Entity_35,2025-03-31,risk_percentile,0.1610169491525423
Entity_91,2025-03-31,risk_percentile,0.8389830508474576
Entity_87,2025-03-31,risk_percentile,0.5847457627118644
Entity_95,2025-03-31,risk_percentile,0.4703389830508475
Entity_115,2025-03-31,risk_percentile,0.3898305084745763
Entity_82,2025-03-31,risk_percentile,0.711864406779661
Entity_12,2025-03-31,risk_percentile,0.4576271186440678
Entity_96,2025-03-31,risk_percentile,0.9576271186440678
Entity_6,2025-03-31,risk_percentile,0.576271186440678
Entity_21,2025-03-31,risk_percentile,0.7923728813559322
Entity_54,2025-03-31,risk_percentile,0.940677966101695
Entity_60,2025-03-31,risk_percentile,0.7923728813559322
Entity_49,2025-03-31,risk_percentile,0.7457627118644068
Entity_43,2025-03-31,risk_percentile,0.4703389830508475
Entity_24,2025-03-31,risk_percentile,0.5466101694915254
Entity_116,2025-03-31,risk_percentile,0.8305084745762712
Entity_59,2025-03-31,risk_percentile,0.9067796610169492
Entity_7,2025-03-31,risk_percentile,0.1101694915254237
Entity_92,2025-03-31,risk_percentile,0.4491525423728814
Entity_29,2025-03-31,risk_percentile,0.0508474576271186
Entity_74,2025-03-31,risk_percentile,0.3389830508474576
Entity_32,2025-03-31,risk_percentile,0.8728813559322034
Entity_84,2025-03-31,risk_percentile,0.5
Entity_79,2025-03-31,risk_percentile,0.7372881355932204
Entity_81,2025-03-31,risk_percentile,0.6864406779661016
Entity_112,2025-03-31,risk_percentile,0.7711864406779662
Entity_61,2025-03-31,risk_percentile,0.1440677966101695
Entity_68,2025-03-31,risk_percentile,0.2796610169491525
Entity_46,2025-03-31,risk_percentile,0.3177966101694915
Entity_111,2025-03-31,risk_percentile,0.4067796610169492
Entity_108,2025-03-31,risk_percentile,0.1271186440677966
Entity_89,2025-03-31,risk_percentile,0.5932203389830508
Entity_19,2025-03-31,risk_percentile,0.0381355932203389
Entity_15,2025-03-31,risk_percentile,0.6694915254237288
Entity_48,2025-03-31,risk_percentile,0.1949152542372881
Entity_119,2025-03-31,risk_percentile,0.288135593220339
Entity_72,2025-03-31,risk_percentile,0.1694915254237288
Entity_85,2025-03-31,risk_percentile,0.635593220338983
Entity_76,2025-03-31,risk_percentile,0.6779661016949152
Entity_64,2025-03-31,risk_percentile,0.3474576271186441
Entity_34,2025-03-31,risk_percentile,0.8898305084745762
Entity_30,2025-03-31,risk_percentile,0.0847457627118644
Entity_107,2025-03-31,risk_percentile,0.6483050847457628
Entity_97,2025-03-31,risk_percentile,1.0
Entity_65,2025-03-31,risk_percentile,0.559322033898305
Entity_121,2025-03-31,risk_percentile,0.7203389830508474
Entity_106,2025-03-31,risk_percentile,0.8813559322033898
Entity_20,2025-03-31,risk_percentile,0.9745762711864406
Entity_75,2025-03-31,risk_percentile,0.923728813559322
Entity_117,2025-03-31,risk_percentile,0.3983050847457627
Entity_100,2025-03-31,risk_percentile,0.9491525423728814
Entity_10,2025-03-31,risk_percentile,0.6016949152542372
Entity_109,2025-03-31,risk_percentile,0.9830508474576272
Entity_17,2025-03-31,risk_percentile,0.3813559322033898
Entity_36,2025-03-31,risk_percentile,0.1822033898305084
Entity_90,2025-03-31,risk_percentile,0.4406779661016949
Entity_94,2025-03-31,risk_percentile,0.211864406779661
Entity_56,2025-03-31,risk_percentile,0.0084745762711864
Entity_28,2025-03-31,risk_percentile,0.4322033898305085
Entity_45,2025-03-31,risk_percentile,0.7627118644067796
Entity_83,2025-03-31,risk_percentile,0.3008474576271186
Entity_39,2025-03-31,risk_percentile,0.135593220338983
Entity_113,2025-03-31,risk_percentile,0.7796610169491526
Entity_18,2025-07-31,high_risk_flag,0.0
Entity_101,2025-07-31,high_risk_flag,0.0
Entity_104,2025-07-31,high_risk_flag,1.0
Entity_69,2025-07-31,high_risk_flag,0.0
Entity_3,2025-07-31,high_risk_flag,1.0
Entity_47,2025-07-31,high_risk_flag,1.0
Entity_73,2025-07-31,high_risk_flag,0.0
Entity_57,2025-07-31,high_risk_flag,0.0
Entity_66,2025-07-31,high_risk_flag,0.0
Entity_40,2025-07-31,high_risk_flag,0.0
Entity_8,2025-07-31,high_risk_flag,0.0
Entity_13,2025-07-31,high_risk_flag,0.0
Entity_26,2025-07-31,high_risk_flag,0.0
Entity_67,2025-07-31,high_risk_flag,0.0
Entity_118,2025-07-31,high_risk_flag,0.0
Entity_27,2025-07-31,high_risk_flag,1.0
Entity_53,2025-07-31,high_risk_flag,0.0
Entity_70,2025-07-31,high_risk_flag,0.0
Entity_11,2025-07-31,high_risk_flag,1.0
Entity_63,2025-07-31,high_risk_flag,0.0
Entity_103,2025-07-31,high_risk_flag,0.0
Entity_33,2025-07-31,high_risk_flag,0.0
Entity_105,2025-07-31,high_risk_flag,1.0
Entity_31,2025-07-31,high_risk_flag,1.0
Entity_42,2025-07-31,high_risk_flag,1.0
Entity_5,2025-07-31,high_risk_flag,1.0
Entity_62,2025-07-31,high_risk_flag,0.0
Entity_44,2025-07-31,high_risk_flag,1.0
Entity_99,2025-07-31,high_risk_flag,0.0
Entity_37,2025-07-31,high_risk_flag,0.0
Entity_23,2025-07-31,high_risk_flag,1.0
Entity_93,2025-07-31,high_risk_flag,0.0
Entity_41,2025-07-31,high_risk_flag,0.0
Entity_55,2025-07-31,high_risk_flag,0.0
Entity_52,2025-07-31,high_risk_flag,0.0
Entity_14,2025-07-31,high_risk_flag,0.0
Entity_98,2025-07-31,high_risk_flag,1.0
Entity_71,2025-07-31,high_risk_flag,0.0
Entity_50,2025-07-31,high_risk_flag,0.0
Entity_9,2025-07-31,high_risk_flag,0.0
Entity_86,2025-07-31,high_risk_flag,0.0
Entity_25,2025-07-31,high_risk_flag,1.0
Entity_58,2025-07-31,high_risk_flag,0.0
Entity_1,2025-07-31,high_risk_flag,0.0
Entity_22,2025-07-31,high_risk_flag,1.0
Entity_80,2025-07-31,high_risk_flag,0.0
Entity_2,2025-07-31,high_risk_flag,1.0
Entity_88,2025-07-31,high_risk_flag,1.0
Entity_51,2025-07-31,high_risk_flag,0.0
Entity_78,2025-07-31,high_risk_flag,1.0
Entity_120,2025-07-31,high_risk_flag,0.0
Entity_102,2025-07-31,high_risk_flag,1.0
Entity_38,2025-07-31,high_risk_flag,1.0
Entity_77,2025-07-31,high_risk_flag,0.0
Entity_4,2025-07-31,high_risk_flag,1.0
Entity_35,2025-07-31,high_risk_flag,0.0
Entity_91,2025-07-31,high_risk_flag,1.0
Entity_87,2025-07-31,high_risk_flag,1.0
Entity_95,2025-07-31,high_risk_flag,0.0
Entity_115,2025-07-31,high_risk_flag,0.0
Entity_82,2025-07-31,high_risk_flag,1.0
Entity_12,2025-07-31,high_risk_flag,0.0
Entity_96,2025-07-31,high_risk_flag,1.0
Entity_6,2025-07-31,high_risk_flag,1.0
Entity_21,2025-07-31,high_risk_flag,1.0
Entity_54,2025-07-31,high_risk_flag,1.0
Entity_60,2025-07-31,high_risk_flag,1.0
Entity_49,2025-07-31,high_risk_flag,1.0
Entity_43,2025-07-31,high_risk_flag,0.0
Entity_24,2025-07-31,high_risk_flag,0.0
Entity_116,2025-07-31,high_risk_flag,1.0
Entity_59,2025-07-31,high_risk_flag,1.0
Entity_110,2025-07-31,high_risk_flag,0.0
Entity_92,2025-07-31,high_risk_flag,0.0
Entity_29,2025-07-31,high_risk_flag,0.0
Entity_74,2025-07-31,high_risk_flag,0.0
Entity_32,2025-07-31,high_risk_flag,1.0
Entity_84,2025-07-31,high_risk_flag,0.0
Entity_79,2025-07-31,high_risk_flag,1.0
Entity_81,2025-07-31,high_risk_flag,1.0
Entity_112,2025-07-31,high_risk_flag,1.0
Entity_61,2025-07-31,high_risk_flag,0.0
Entity_68,2025-07-31,high_risk_flag,0.0
Entity_46,2025-07-31,high_risk_flag,0.0
Entity_111,2025-07-31,high_risk_flag,0.0
Entity_108,2025-07-31,high_risk_flag,0.0
Entity_89,2025-07-31,high_risk_flag,1.0
Entity_19,2025-07-31,high_risk_flag,0.0
Entity_15,2025-07-31,high_risk_flag,1.0
Entity_48,2025-07-31,high_risk_flag,0.0
Entity_119,2025-07-31,high_risk_flag,0.0
Entity_72,2025-07-31,high_risk_flag,0.0
Entity_85,2025-07-31,high_risk_flag,1.0
Entity_76,2025-07-31,high_risk_flag,1.0
Entity_64,2025-07-31,high_risk_flag,0.0
Entity_34,2025-07-31,high_risk_flag,1.0
Entity_30,2025-07-31,high_risk_flag,0.0
Entity_107,2025-07-31,high_risk_flag,1.0
Entity_97,2025-07-31,high_risk_flag,1.0
Entity_65,2025-07-31,high_risk_flag,0.0
Entity_121,2025-07-31,high_risk_flag,1.0
Entity_106,2025-07-31,high_risk_flag,1.0
Entity_20,2025-07-31,high_risk_flag,1.0
Entity_75,2025-07-31,high_risk_flag,1.0
Entity_117,2025-07-31,high_risk_flag,0.0
Entity_100,2025-07-31,high_risk_flag,1.0
Entity_10,2025-07-31,high_risk_flag,1.0
Entity_109,2025-07-31,high_risk_flag,1.0
Entity_17,2025-07-31,high_risk_flag,0.0
Entity_36,2025-07-31,high_risk_flag,0.0
Entity_90,2025-07-31,high_risk_flag,0.0
Entity_94,2025-07-31,high_risk_flag,0.0
Entity_56,2025-07-31,high_risk_flag,0.0
Entity_28,2025-07-31,high_risk_flag,0.0
Entity_45,2025-07-31,high_risk_flag,1.0
Entity_83,2025-07-31,high_risk_flag,0.0
Entity_39,2025-07-31,high_risk_flag,0.0
Entity_113,2025-07-31,high_risk_flag,1.0
Entity_18,2025-07-31,risk_category,1.0
Entity_101,2025-07-31,risk_category,1.0
Entity_104,2025-07-31,risk_category,3.0
Entity_69,2025-07-31,risk_category,1.0
Entity_3,2025-07-31,risk_category,4.0
Entity_47,2025-07-31,risk_category,3.0
Entity_73,2025-07-31,risk_category,3.0
Entity_57,2025-07-31,risk_category,2.0
Entity_66,2025-07-31,risk_category,2.0
Entity_40,2025-07-31,risk_category,1.0
Entity_8,2025-07-31,risk_category,3.0
Entity_13,2025-07-31,risk_category,3.0
Entity_26,2025-07-31,risk_category,2.0
Entity_67,2025-07-31,risk_category,2.0
Entity_118,2025-07-31,risk_category,1.0
Entity_27,2025-07-31,risk_category,4.0
Entity_53,2025-07-31,risk_category,1.0
Entity_70,2025-07-31,risk_category,2.0
Entity_11,2025-07-31,risk_category,3.0
Entity_63,2025-07-31,risk_category,1.0
Entity_103,2025-07-31,risk_category,2.0
Entity_33,2025-07-31,risk_category,1.0
Entity_105,2025-07-31,risk_category,4.0
Entity_31,2025-07-31,risk_category,3.0
Entity_42,2025-07-31,risk_category,4.0
Entity_5,2025-07-31,risk_category,3.0
Entity_62,2025-07-31,risk_category,2.0
Entity_44,2025-07-31,risk_category,4.0
Entity_99,2025-07-31,risk_category,1.0
Entity_37,2025-07-31,risk_category,1.0
Entity_23,2025-07-31,risk_category,3.0
Entity_93,2025-07-31,risk_category,2.0
Entity_41,2025-07-31,risk_category,1.0
Entity_55,2025-07-31,risk_category,3.0
Entity_52,2025-07-31,risk_category,1.0
Entity_14,2025-07-31,risk_category,1.0
Entity_98,2025-07-31,risk_category,4.0
Entity_71,2025-07-31,risk_category,2.0
Entity_50,2025-07-31,risk_category,1.0
Entity_9,2025-07-31,risk_category,1.0
Entity_86,2025-07-31,risk_category,2.0
Entity_25,2025-07-31,risk_category,3.0
Entity_58,2025-07-31,risk_category,1.0
Entity_1,2025-07-31,risk_category,3.0
Entity_22,2025-07-31,risk_category,4.0
Entity_80,2025-07-31,risk_category,3.0
Entity_2,2025-07-31,risk_category,4.0
Entity_88,2025-07-31,risk_category,3.0
Entity_51,2025-07-31,risk_category,2.0
Entity_78,2025-07-31,risk_category,4.0
Entity_120,2025-07-31,risk_category,2.0
Entity_102,2025-07-31,risk_category,4.0
Entity_38,2025-07-31,risk_category,4.0
Entity_77,2025-07-31,risk_category,1.0
Entity_4,2025-07-31,risk_category,3.0
Entity_35,2025-07-31,risk_category,1.0
Entity_91,2025-07-31,risk_category,4.0
Entity_87,2025-07-31,risk_category,3.0
Entity_95,2025-07-31,risk_category,2.0
Entity_115,2025-07-31,risk_category,2.0
Entity_82,2025-07-31,risk_category,3.0
Entity_12,2025-07-31,risk_category,2.0
Entity_96,2025-07-31,risk_category,4.0
Entity_6,2025-07-31,risk_category,3.0
Entity_21,2025-07-31,risk_category,4.0
Entity_54,2025-07-31,risk_category,4.0
Entity_60,2025-07-31,risk_category,4.0
Entity_49,2025-07-31,risk_category,4.0
Entity_43,2025-07-31,risk_category,2.0
Entity_24,2025-07-31,risk_category,3.0
Entity_116,2025-07-31,risk_category,4.0
Entity_59,2025-07-31,risk_category,4.0
Entity_110,2025-07-31,risk_category,1.0
Entity_92,2025-07-31,risk_category,2.0
Entity_29,2025-07-31,risk_category,1.0
Entity_74,2025-07-31,risk_category,2.0
Entity_32,2025-07-31,risk_category,4.0
Entity_84,2025-07-31,risk_category,2.0
Entity_79,2025-07-31,risk_category,4.0
Entity_81,2025-07-31,risk_category,3.0
Entity_112,2025-07-31,risk_category,3.0
Entity_61,2025-07-31,risk_category,1.0
Entity_68,2025-07-31,risk_category,2.0
Entity_46,2025-07-31,risk_category,2.0
Entity_111,2025-07-31,risk_category,2.0
Entity_108,2025-07-31,risk_category,1.0
Entity_89,2025-07-31,risk_category,3.0
Entity_19,2025-07-31,risk_category,1.0
Entity_15,2025-07-31,risk_category,3.0
Entity_48,2025-07-31,risk_category,1.0
Entity_119,2025-07-31,risk_category,2.0
Entity_72,2025-07-31,risk_category,1.0
Entity_85,2025-07-31,risk_category,3.0
Entity_76,2025-07-31,risk_category,3.0
Entity_64,2025-07-31,risk_category,2.0
Entity_34,2025-07-31,risk_category,4.0
Entity_30,2025-07-31,risk_category,1.0
Entity_107,2025-07-31,risk_category,3.0
Entity_97,2025-07-31,risk_category,4.0
Entity_65,2025-07-31,risk_category,3.0
Entity_121,2025-07-31,risk_category,3.0
Entity_106,2025-07-31,risk_category,4.0
Entity_20,2025-07-31,risk_category,4.0
Entity_75,2025-07-31,risk_category,4.0
Entity_117,2025-07-31,risk_category,2.0
Entity_100,2025-07-31,risk_category,4.0
Entity_10,2025-07-31,risk_category,3.0
Entity_109,2025-07-31,risk_category,4.0
Entity_17,2025-07-31,risk_category,2.0
Entity_36,2025-07-31,risk_category,1.0
Entity_90,2025-07-31,risk_category,2.0
Entity_94,2025-07-31,risk_category,1.0
Entity_56,2025-07-31,risk_category,1.0
Entity_28,2025-07-31,risk_category,2.0
Entity_45,2025-07-31,risk_category,4.0
Entity_83,2025-07-31,risk_category,2.0
Entity_39,2025-07-31,risk_category,1.0
Entity_113,2025-07-31,risk_category,4.0
Entity_18,2025-07-31,risk_percentile,0.059322033898305
Entity_101,2025-07-31,risk_percentile,0.1779661016949152
Entity_104,2025-07-31,risk_percentile,0.6440677966101694
Entity_69,2025-07-31,risk_percentile,0.2542372881355932
Entity_3,2025-07-31,risk_percentile,0.8220338983050848
Entity_47,2025-07-31,risk_percentile,0.7203389830508474
Entity_73,2025-07-31,risk_percentile,0.5254237288135594
Entity_57,2025-07-31,risk_percentile,0.3347457627118644
Entity_66,2025-07-31,risk_percentile,0.3516949152542373
Entity_40,2025-07-31,risk_percentile,0.211864406779661
Entity_8,2025-07-31,risk_percentile,0.5677966101694916
Entity_13,2025-07-31,risk_percentile,0.5508474576271186
Entity_26,2025-07-31,risk_percentile,0.2796610169491525
Entity_67,2025-07-31,risk_percentile,0.4152542372881356
Entity_118,2025-07-31,risk_percentile,0.1652542372881356
Entity_27,2025-07-31,risk_percentile,0.8050847457627118
Entity_53,2025-07-31,risk_percentile,0.0932203389830508
Entity_70,2025-07-31,risk_percentile,0.2627118644067797
Entity_11,2025-07-31,risk_percentile,0.6440677966101694
Entity_63,2025-07-31,risk_percentile,0.1016949152542373
Entity_103,2025-07-31,risk_percentile,0.4491525423728814
Entity_33,2025-07-31,risk_percentile,0.0254237288135593
Entity_105,2025-07-31,risk_percentile,0.8135593220338984
Entity_31,2025-07-31,risk_percentile,0.597457627118644
Entity_42,2025-07-31,risk_percentile,0.9661016949152542
Entity_5,2025-07-31,risk_percentile,0.6271186440677966
Entity_62,2025-07-31,risk_percentile,0.288135593220339
Entity_44,2025-07-31,risk_percentile,0.8728813559322034
Entity_99,2025-07-31,risk_percentile,0.1949152542372881
Entity_37,2025-07-31,risk_percentile,0.1144067796610169
Entity_23,2025-07-31,risk_percentile,0.6822033898305084
Entity_93,2025-07-31,risk_percentile,0.3983050847457627
Entity_41,2025-07-31,risk_percentile,0.2330508474576271
Entity_55,2025-07-31,risk_percentile,0.5169491525423728
Entity_52,2025-07-31,risk_percentile,0.0677966101694915
Entity_14,2025-07-31,risk_percentile,0.0169491525423728
Entity_98,2025-07-31,risk_percentile,0.847457627118644
Entity_71,2025-07-31,risk_percentile,0.4915254237288136
Entity_50,2025-07-31,risk_percentile,0.0338983050847457
Entity_9,2025-07-31,risk_percentile,0.2330508474576271
Entity_86,2025-07-31,risk_percentile,0.3050847457627119
Entity_25,2025-07-31,risk_percentile,0.711864406779661
Entity_58,2025-07-31,risk_percentile,0.0847457627118644
Entity_1,2025-07-31,risk_percentile,0.5423728813559322
Entity_22,2025-07-31,risk_percentile,0.9152542372881356
Entity_80,2025-07-31,risk_percentile,0.5084745762711864
Entity_2,2025-07-31,risk_percentile,0.8983050847457628
Entity_88,2025-07-31,risk_percentile,0.6186440677966102
Entity_51,2025-07-31,risk_percentile,0.4830508474576271
Entity_78,2025-07-31,risk_percentile,0.9322033898305084
Entity_120,2025-07-31,risk_percentile,0.3516949152542373
Entity_102,2025-07-31,risk_percentile,0.864406779661017
Entity_38,2025-07-31,risk_percentile,0.9915254237288136
Entity_77,2025-07-31,risk_percentile,0.2457627118644068
Entity_4,2025-07-31,risk_percentile,0.7372881355932204
Entity_35,2025-07-31,risk_percentile,0.1652542372881356
Entity_91,2025-07-31,risk_percentile,0.8559322033898306
Entity_87,2025-07-31,risk_percentile,0.576271186440678
Entity_95,2025-07-31,risk_percentile,0.4576271186440678
Entity_115,2025-07-31,risk_percentile,0.3813559322033898
Entity_82,2025-07-31,risk_percentile,0.7033898305084746
Entity_12,2025-07-31,risk_percentile,0.4364406779661017
Entity_96,2025-07-31,risk_percentile,0.9576271186440678
Entity_6,2025-07-31,risk_percentile,0.5847457627118644
Entity_21,2025-07-31,risk_percentile,0.7838983050847458
Entity_54,2025-07-31,risk_percentile,0.9491525423728814
Entity_60,2025-07-31,risk_percentile,0.7966101694915254
Entity_49,2025-07-31,risk_percentile,0.7627118644067796
Entity_43,2025-07-31,risk_percentile,0.4661016949152542
Entity_24,2025-07-31,risk_percentile,0.559322033898305
Entity_116,2025-07-31,risk_percentile,0.8305084745762712
Entity_59,2025-07-31,risk_percentile,0.9067796610169492
Entity_110,2025-07-31,risk_percentile,0.1144067796610169
Entity_92,2025-07-31,risk_percentile,0.423728813559322
Entity_29,2025-07-31,risk_percentile,0.0508474576271186
Entity_74,2025-07-31,risk_percentile,0.3347457627118644
Entity_32,2025-07-31,risk_percentile,0.8389830508474576
Entity_84,2025-07-31,risk_percentile,0.5
Entity_79,2025-07-31,risk_percentile,0.7542372881355932
Entity_81,2025-07-31,risk_percentile,0.6610169491525424
Entity_112,2025-07-31,risk_percentile,0.7457627118644068
Entity_61,2025-07-31,risk_percentile,0.1313559322033898
Entity_68,2025-07-31,risk_percentile,0.3220338983050847
Entity_46,2025-07-31,risk_percentile,0.3135593220338983
Entity_111,2025-07-31,risk_percentile,0.4067796610169492
Entity_108,2025-07-31,risk_percentile,0.1525423728813559
Entity_89,2025-07-31,risk_percentile,0.597457627118644
Entity_19,2025-07-31,risk_percentile,0.0423728813559322
Entity_15,2025-07-31,risk_percentile,0.6694915254237288
Entity_48,2025-07-31,risk_percentile,0.1864406779661017
Entity_119,2025-07-31,risk_percentile,0.2711864406779661
Entity_72,2025-07-31,risk_percentile,0.2033898305084746
Entity_85,2025-07-31,risk_percentile,0.6440677966101694
Entity_76,2025-07-31,risk_percentile,0.6949152542372882
Entity_64,2025-07-31,risk_percentile,0.3644067796610169
Entity_34,2025-07-31,risk_percentile,0.885593220338983
Entity_30,2025-07-31,risk_percentile,0.0762711864406779
Entity_107,2025-07-31,risk_percentile,0.6822033898305084
Entity_97,2025-07-31,risk_percentile,1.0
Entity_65,2025-07-31,risk_percentile,0.5338983050847458
Entity_121,2025-07-31,risk_percentile,0.7288135593220338
Entity_106,2025-07-31,risk_percentile,0.885593220338983
Entity_20,2025-07-31,risk_percentile,0.9745762711864406
Entity_75,2025-07-31,risk_percentile,0.923728813559322
Entity_117,2025-07-31,risk_percentile,0.3898305084745763
Entity_100,2025-07-31,risk_percentile,0.940677966101695
Entity_10,2025-07-31,risk_percentile,0.6101694915254238
Entity_109,2025-07-31,risk_percentile,0.9830508474576272
Entity_17,2025-07-31,risk_percentile,0.3728813559322034
Entity_36,2025-07-31,risk_percentile,0.1440677966101695
Entity_90,2025-07-31,risk_percentile,0.4364406779661017
Entity_94,2025-07-31,risk_percentile,0.2203389830508474
Entity_56,2025-07-31,risk_percentile,0.0084745762711864
Entity_28,2025-07-31,risk_percentile,0.4745762711864407
Entity_45,2025-07-31,risk_percentile,0.7711864406779662
Entity_83,2025-07-31,risk_percentile,0.2966101694915254
Entity_39,2025-07-31,risk_percentile,0.1313559322033898
Entity_113,2025-07-31,risk_percentile,0.7838983050847458
Entity_18,2025-11-30,high_risk_flag,0.0
Entity_101,2025-11-30,high_risk_flag,0.0
Entity_104,2025-11-30,high_risk_flag,1.0
Entity_69,2025-11-30,high_risk_flag,0.0
Entity_3,2025-11-30,high_risk_flag,1.0
Entity_47,2025-11-30,high_risk_flag,1.0
Entity_73,2025-11-30,high_risk_flag,0.0
Entity_57,2025-11-30,high_risk_flag,0.0
Entity_66,2025-11-30,high_risk_flag,0.0
Entity_40,2025-11-30,high_risk_flag,0.0
Entity_8,2025-11-30,high_risk_flag,1.0
Entity_13,2025-11-30,high_risk_flag,0.0
Entity_26,2025-11-30,high_risk_flag,0.0
Entity_67,2025-11-30,high_risk_flag,0.0
Entity_118,2025-11-30,high_risk_flag,0.0
Entity_27,2025-11-30,high_risk_flag,1.0
Entity_53,2025-11-30,high_risk_flag,0.0
Entity_70,2025-11-30,high_risk_flag,0.0
Entity_11,2025-11-30,high_risk_flag,1.0
Entity_63,2025-11-30,high_risk_flag,0.0
Entity_103,2025-11-30,high_risk_flag,0.0
Entity_33,2025-11-30,high_risk_flag,0.0
Entity_105,2025-11-30,high_risk_flag,1.0
Entity_31,2025-11-30,high_risk_flag,1.0
Entity_42,2025-11-30,high_risk_flag,1.0
Entity_5,2025-11-30,high_risk_flag,1.0
Entity_62,2025-11-30,high_risk_flag,0.0
Entity_44,2025-11-30,high_risk_flag,1.0
Entity_99,2025-11-30,high_risk_flag,0.0
Entity_37,2025-11-30,high_risk_flag,0.0
Entity_23,2025-11-30,high_risk_flag,1.0
Entity_93,2025-11-30,high_risk_flag,0.0
Entity_41,2025-11-30,high_risk_flag,0.0
Entity_55,2025-11-30,high_risk_flag,0.0
Entity_52,2025-11-30,high_risk_flag,0.0
Entity_14,2025-11-30,high_risk_flag,0.0
Entity_98,2025-11-30,high_risk_flag,1.0
Entity_71,2025-11-30,high_risk_flag,0.0
Entity_50,2025-11-30,high_risk_flag,0.0
Entity_9,2025-11-30,high_risk_flag,0.0
Entity_86,2025-11-30,high_risk_flag,0.0
Entity_25,2025-11-30,high_risk_flag,1.0
Entity_58,2025-11-30,high_risk_flag,0.0
Entity_1,2025-11-30,high_risk_flag,0.0
Entity_22,2025-11-30,high_risk_flag,1.0
Entity_80,2025-11-30,high_risk_flag,0.0
Entity_2,2025-11-30,high_risk_flag,1.0
Entity_88,2025-11-30,high_risk_flag,1.0
Entity_51,2025-11-30,high_risk_flag,0.0
Entity_78,2025-11-30,high_risk_flag,1.0
Entity_120,2025-11-30,high_risk_flag,0.0
Entity_102,2025-11-30,high_risk_flag,1.0
Entity_38,2025-11-30,high_risk_flag,1.0
Entity_77,2025-11-30,high_risk_flag,0.0
Entity_4,2025-11-30,high_risk_flag,1.0
Entity_35,2025-11-30,high_risk_flag,0.0
Entity_91,2025-11-30,high_risk_flag,1.0
Entity_87,2025-11-30,high_risk_flag,1.0
Entity_95,2025-11-30,high_risk_flag,0.0
Entity_115,2025-11-30,high_risk_flag,0.0
Entity_82,2025-11-30,high_risk_flag,1.0
Entity_12,2025-11-30,high_risk_flag,0.0
Entity_96,2025-11-30,high_risk_flag,1.0
Entity_6,2025-11-30,high_risk_flag,1.0
Entity_21,2025-11-30,high_risk_flag,1.0
Entity_54,2025-11-30,high_risk_flag,1.0
Entity_60,2025-11-30,high_risk_flag,1.0
Entity_49,2025-11-30,high_risk_flag,1.0
Entity_43,2025-11-30,high_risk_flag,0.0
Entity_24,2025-11-30,high_risk_flag,0.0
Entity_116,2025-11-30,high_risk_flag,1.0
Entity_59,2025-11-30,high_risk_flag,1.0
Entity_110,2025-11-30,high_risk_flag,0.0
Entity_92,2025-11-30,high_risk_flag,0.0
Entity_29,2025-11-30,high_risk_flag,0.0
Entity_74,2025-11-30,high_risk_flag,0.0
Entity_32,2025-11-30,high_risk_flag,1.0
Entity_84,2025-11-30,high_risk_flag,0.0
Entity_79,2025-11-30,high_risk_flag,1.0
Entity_81,2025-11-30,high_risk_flag,1.0
Entity_112,2025-11-30,high_risk_flag,1.0
Entity_61,2025-11-30,high_risk_flag,0.0
Entity_68,2025-11-30,high_risk_flag,0.0
Entity_46,2025-11-30,high_risk_flag,0.0
Entity_111,2025-11-30,high_risk_flag,0.0
Entity_108,2025-11-30,high_risk_flag,0.0
Entity_89,2025-11-30,high_risk_flag,1.0
Entity_19,2025-11-30,high_risk_flag,0.0
Entity_15,2025-11-30,high_risk_flag,1.0
Entity_48,2025-11-30,high_risk_flag,0.0
Entity_119,2025-11-30,high_risk_flag,0.0
Entity_72,2025-11-30,high_risk_flag,0.0
Entity_85,2025-11-30,high_risk_flag,1.0
Entity_76,2025-11-30,high_risk_flag,1.0
Entity_64,2025-11-30,high_risk_flag,0.0
Entity_34,2025-11-30,high_risk_flag,1.0
Entity_30,2025-11-30,high_risk_flag,0.0
Entity_107,2025-11-30,high_risk_flag,1.0
Entity_97,2025-11-30,high_risk_flag,1.0
Entity_65,2025-11-30,high_risk_flag,0.0
Entity_121,2025-11-30,high_risk_flag,1.0
Entity_106,2025-11-30,high_risk_flag,1.0
Entity_20,2025-11-30,high_risk_flag,1.0
Entity_75,2025-11-30,high_risk_flag,1.0
Entity_117,2025-11-30,high_risk_flag,0.0
Entity_100,2025-11-30,high_risk_flag,1.0
Entity_10,2025-11-30,high_risk_flag,1.0
Entity_109,2025-11-30,high_risk_flag,1.0
Entity_17,2025-11-30,high_risk_flag,0.0
Entity_36,2025-11-30,high_risk_flag,0.0
Entity_90,2025-11-30,high_risk_flag,0.0
Entity_94,2025-11-30,high_risk_flag,0.0
Entity_56,2025-11-30,high_risk_flag,0.0
Entity_28,2025-11-30,high_risk_flag,0.0
Entity_45,2025-11-30,high_risk_flag,1.0
Entity_16,2025-11-30,high_risk_flag,0.0
Entity_39,2025-11-30,high_risk_flag,0.0
Entity_113,2025-11-30,high_risk_flag,1.0
Entity_18,2025-11-30,risk_category,1.0
Entity_101,2025-11-30,risk_category,1.0
Entity_104,2025-11-30,risk_category,3.0
Entity_69,2025-11-30,risk_category,1.0
Entity_3,2025-11-30,risk_category,4.0
Entity_47,2025-11-30,risk_category,3.0
Entity_73,2025-11-30,risk_category,3.0
Entity_57,2025-11-30,risk_category,2.0
Entity_66,2025-11-30,risk_category,2.0
Entity_40,2025-11-30,risk_category,1.0
Entity_8,2025-11-30,risk_category,3.0
Entity_13,2025-11-30,risk_category,3.0
Entity_26,2025-11-30,risk_category,2.0
Entity_67,2025-11-30,risk_category,2.0
Entity_118,2025-11-30,risk_category,1.0
Entity_27,2025-11-30,risk_category,4.0
Entity_53,2025-11-30,risk_category,1.0
Entity_70,2025-11-30,risk_category,1.0
Entity_11,2025-11-30,risk_category,3.0
Entity_63,2025-11-30,risk_category,1.0
Entity_103,2025-11-30,risk_category,2.0
Entity_33,2025-11-30,risk_category,1.0
Entity_105,2025-11-30,risk_category,4.0
Entity_31,2025-11-30,risk_category,3.0
Entity_42,2025-11-30,risk_category,4.0
Entity_5,2025-11-30,risk_category,3.0
Entity_62,2025-11-30,risk_category,2.0
Entity_44,2025-11-30,risk_category,4.0
Entity_99,2025-11-30,risk_category,1.0
Entity_37,2025-11-30,risk_category,1.0
Entity_23,2025-11-30,risk_category,3.0
Entity_93,2025-11-30,risk_category,2.0
Entity_41,2025-11-30,risk_category,2.0
Entity_55,2025-11-30,risk_category,3.0
Entity_52,2025-11-30,risk_category,1.0
Entity_14,2025-11-30,risk_category,1.0
Entity_98,2025-11-30,risk_category,4.0
Entity_71,2025-11-30,risk_category,2.0
Entity_50,2025-11-30,risk_category,1.0
Entity_9,2025-11-30,risk_category,1.0
Entity_86,2025-11-30,risk_category,2.0
Entity_25,2025-11-30,risk_category,3.0
Entity_58,2025-11-30,risk_category,1.0
Entity_1,2025-11-30,risk_category,3.0
Entity_22,2025-11-30,risk_category,4.0
Entity_80,2025-11-30,risk_category,3.0
Entity_2,2025-11-30,risk_category,4.0
Entity_88,2025-11-30,risk_category,3.0
Entity_51,2025-11-30,risk_category,2.0
Entity_78,2025-11-30,risk_category,4.0
Entity_120,2025-11-30,risk_category,2.0
Entity_102,2025-11-30,risk_category,4.0
Entity_38,2025-11-30,risk_category,4.0
Entity_77,2025-11-30,risk_category,2.0
Entity_4,2025-11-30,risk_category,3.0
Entity_35,2025-11-30,risk_category,1.0
Entity_91,2025-11-30,risk_category,4.0
Entity_87,2025-11-30,risk_category,3.0
Entity_95,2025-11-30,risk_category,2.0
Entity_115,2025-11-30,risk_category,2.0
Entity_82,2025-11-30,risk_category,3.0
Entity_12,2025-11-30,risk_category,2.0
Entity_96,2025-11-30,risk_category,4.0
Entity_6,2025-11-30,risk_category,3.0
Entity_21,2025-11-30,risk_category,4.0
Entity_54,2025-11-30,risk_category,4.0
Entity_60,2025-11-30,risk_category,4.0
Entity_49,2025-11-30,risk_category,4.0
Entity_43,2025-11-30,risk_category,2.0
Entity_24,2025-11-30,risk_category,3.0
Entity_116,2025-11-30,risk_category,4.0
Entity_59,2025-11-30,risk_category,4.0
Entity_110,2025-11-30,risk_category,1.0
Entity_92,2025-11-30,risk_category,2.0
Entity_29,2025-11-30,risk_category,1.0
Entity_74,2025-11-30,risk_category,2.0
Entity_32,2025-11-30,risk_category,4.0
Entity_84,2025-11-30,risk_category,2.0
Entity_79,2025-11-30,risk_category,4.0
Entity_81,2025-11-30,risk_category,3.0
Entity_112,2025-11-30,risk_category,3.0
Entity_61,2025-11-30,risk_category,1.0
Entity_68,2025-11-30,risk_category,2.0
Entity_46,2025-11-30,risk_category,2.0
Entity_111,2025-11-30,risk_category,2.0
Entity_108,2025-11-30,risk_category,1.0
Entity_89,2025-11-30,risk_category,3.0
Entity_19,2025-11-30,risk_category,1.0
Entity_15,2025-11-30,risk_category,3.0
Entity_48,2025-11-30,risk_category,1.0
Entity_119,2025-11-30,risk_category,1.0
Entity_72,2025-11-30,risk_category,1.0
Entity_85,2025-11-30,risk_category,3.0
Entity_76,2025-11-30,risk_category,3.0
Entity_64,2025-11-30,risk_category,2.0
Entity_34,2025-11-30,risk_category,4.0
Entity_30,2025-11-30,risk_category,1.0
Entity_107,2025-11-30,risk_category,3.0
Entity_97,2025-11-30,risk_category,4.0
Entity_65,2025-11-30,risk_category,3.0
Entity_121,2025-11-30,risk_category,3.0
Entity_106,2025-11-30,risk_category,4.0
Entity_20,2025-11-30,risk_category,4.0
Entity_75,2025-11-30,risk_category,4.0
Entity_117,2025-11-30,risk_category,2.0
Entity_100,2025-11-30,risk_category,4.0
Entity_10,2025-11-30,risk_category,3.0
Entity_109,2025-11-30,risk_category,4.0
Entity_17,2025-11-30,risk_category,2.0
Entity_36,2025-11-30,risk_category,1.0
Entity_90,2025-11-30,risk_category,2.0
Entity_94,2025-11-30,risk_category,1.0
Entity_56,2025-11-30,risk_category,1.0
Entity_28,2025-11-30,risk_category,2.0
Entity_45,2025-11-30,risk_category,4.0
Entity_16,2025-11-30,risk_category,2.0
Entity_39,2025-11-30,risk_category,1.0
Entity_113,2025-11-30,risk_category,4.0
Entity_18,2025-11-30,risk_percentile,0.059322033898305
Entity_101,2025-11-30,risk_percentile,0.1949152542372881
Entity_104,2025-11-30,risk_percentile,0.6440677966101694
Entity_69,2025-11-30,risk_percentile,0.2542372881355932
Entity_3,2025-11-30,risk_percentile,0.8135593220338984
Entity_47,2025-11-30,risk_percentile,0.7372881355932204
Entity_73,2025-11-30,risk_percentile,0.5296610169491526
Entity_57,2025-11-30,risk_percentile,0.3135593220338983
Entity_66,2025-11-30,risk_percentile,0.3559322033898305
Entity_40,2025-11-30,risk_percentile,0.1779661016949152
Entity_8,2025-11-30,risk_percentile,0.5847457627118644
Entity_13,2025-11-30,risk_percentile,0.5296610169491526
Entity_26,2025-11-30,risk_percentile,0.288135593220339
Entity_67,2025-11-30,risk_percentile,0.4067796610169492
Entity_118,2025-11-30,risk_percentile,0.1440677966101695
Entity_27,2025-11-30,risk_percentile,0.8050847457627118
Entity_53,2025-11-30,risk_percentile,0.0932203389830508
Entity_70,2025-11-30,risk_percentile,0.2288135593220339
Entity_11,2025-11-30,risk_percentile,0.6610169491525424
Entity_63,2025-11-30,risk_percentile,0.1016949152542373
Entity_103,2025-11-30,risk_percentile,0.4533898305084746
Entity_33,2025-11-30,risk_percentile,0.0423728813559322
Entity_105,2025-11-30,risk_percentile,0.8305084745762712
Entity_31,2025-11-30,risk_percentile,0.6016949152542372
Entity_42,2025-11-30,risk_percentile,0.9661016949152542
Entity_5,2025-11-30,risk_percentile,0.6271186440677966
Entity_62,2025-11-30,risk_percentile,0.2966101694915254
Entity_44,2025-11-30,risk_percentile,0.847457627118644
Entity_99,2025-11-30,risk_percentile,0.1779661016949152
Entity_37,2025-11-30,risk_percentile,0.1144067796610169
Entity_23,2025-11-30,risk_percentile,0.6694915254237288
Entity_93,2025-11-30,risk_percentile,0.4152542372881356
Entity_41,2025-11-30,risk_percentile,0.2711864406779661
Entity_55,2025-11-30,risk_percentile,0.5169491525423728
Entity_52,2025-11-30,risk_percentile,0.0508474576271186
Entity_14,2025-11-30,risk_percentile,0.0169491525423728
Entity_98,2025-11-30,risk_percentile,0.8728813559322034
Entity_71,2025-11-30,risk_percentile,0.4830508474576271
Entity_50,2025-11-30,risk_percentile,0.0296610169491525
Entity_9,2025-11-30,risk_percentile,0.2288135593220339
Entity_86,2025-11-30,risk_percentile,0.3050847457627119
Entity_25,2025-11-30,risk_percentile,0.711864406779661
Entity_58,2025-11-30,risk_percentile,0.0847457627118644
Entity_1,2025-11-30,risk_percentile,0.5508474576271186
Entity_22,2025-11-30,risk_percentile,0.9152542372881356
Entity_80,2025-11-30,risk_percentile,0.5084745762711864
Entity_2,2025-11-30,risk_percentile,0.8983050847457628
Entity_88,2025-11-30,risk_percentile,0.6101694915254238
Entity_51,2025-11-30,risk_percentile,0.5
Entity_78,2025-11-30,risk_percentile,0.9322033898305084
Entity_120,2025-11-30,risk_percentile,0.3559322033898305
Entity_102,2025-11-30,risk_percentile,0.8898305084745762
Entity_38,2025-11-30,risk_percentile,0.9915254237288136
Entity_77,2025-11-30,risk_percentile,0.2627118644067797
Entity_4,2025-11-30,risk_percentile,0.7288135593220338
Entity_35,2025-11-30,risk_percentile,0.1525423728813559
Entity_91,2025-11-30,risk_percentile,0.8601694915254238
Entity_87,2025-11-30,risk_percentile,0.576271186440678
Entity_95,2025-11-30,risk_percentile,0.4661016949152542
Entity_115,2025-11-30,risk_percentile,0.3559322033898305
Entity_82,2025-11-30,risk_percentile,0.6822033898305084
Entity_12,2025-11-30,risk_percentile,0.4533898305084746
Entity_96,2025-11-30,risk_percentile,0.9533898305084746
Entity_6,2025-11-30,risk_percentile,0.5677966101694916
Entity_21,2025-11-30,risk_percentile,0.7966101694915254
Entity_54,2025-11-30,risk_percentile,0.9533898305084746
Entity_60,2025-11-30,risk_percentile,0.788135593220339
Entity_49,2025-11-30,risk_percentile,0.7796610169491526
Entity_43,2025-11-30,risk_percentile,0.4322033898305085
Entity_24,2025-11-30,risk_percentile,0.559322033898305
Entity_116,2025-11-30,risk_percentile,0.8220338983050848
Entity_59,2025-11-30,risk_percentile,0.9067796610169492
Entity_110,2025-11-30,risk_percentile,0.1144067796610169
Entity_92,2025-11-30,risk_percentile,0.423728813559322
Entity_29,2025-11-30,risk_percentile,0.0677966101694915
Entity_74,2025-11-30,risk_percentile,0.3220338983050847
Entity_32,2025-11-30,risk_percentile,0.8389830508474576
Entity_84,2025-11-30,risk_percentile,0.4915254237288136
Entity_79,2025-11-30,risk_percentile,0.7542372881355932
Entity_81,2025-11-30,risk_percentile,0.652542372881356
Entity_112,2025-11-30,risk_percentile,0.7457627118644068
Entity_61,2025-11-30,risk_percentile,0.1271186440677966
Entity_68,2025-11-30,risk_percentile,0.3305084745762712
Entity_46,2025-11-30,risk_percentile,0.3389830508474576
Entity_111,2025-11-30,risk_percentile,0.3855932203389831
Entity_108,2025-11-30,risk_percentile,0.1779661016949152
Entity_89,2025-11-30,risk_percentile,0.5932203389830508
Entity_19,2025-11-30,risk_percentile,0.0296610169491525
Entity_15,2025-11-30,risk_percentile,0.6822033898305084
Entity_48,2025-11-30,risk_percentile,0.2033898305084746
Entity_119,2025-11-30,risk_percentile,0.2457627118644068
Entity_72,2025-11-30,risk_percentile,0.2288135593220339
Entity_85,2025-11-30,risk_percentile,0.635593220338983
Entity_76,2025-11-30,risk_percentile,0.6949152542372882
Entity_64,2025-11-30,risk_percentile,0.3728813559322034
Entity_34,2025-11-30,risk_percentile,0.8601694915254238
Entity_30,2025-11-30,risk_percentile,0.0762711864406779
Entity_107,2025-11-30,risk_percentile,0.7033898305084746
Entity_97,2025-11-30,risk_percentile,1.0
Entity_65,2025-11-30,risk_percentile,0.5423728813559322
Entity_121,2025-11-30,risk_percentile,0.7203389830508474
Entity_106,2025-11-30,risk_percentile,0.8813559322033898
Entity_20,2025-11-30,risk_percentile,0.9745762711864406
Entity_75,2025-11-30,risk_percentile,0.923728813559322
Entity_117,2025-11-30,risk_percentile,0.3855932203389831
Entity_100,2025-11-30,risk_percentile,0.940677966101695
Entity_10,2025-11-30,risk_percentile,0.6186440677966102
Entity_109,2025-11-30,risk_percentile,0.9830508474576272
Entity_17,2025-11-30,risk_percentile,0.3983050847457627
Entity_36,2025-11-30,risk_percentile,0.1610169491525423
Entity_90,2025-11-30,risk_percentile,0.4406779661016949
Entity_94,2025-11-30,risk_percentile,0.211864406779661
Entity_56,2025-11-30,risk_percentile,0.0084745762711864
Entity_28,2025-11-30,risk_percentile,0.4745762711864407
Entity_45,2025-11-30,risk_percentile,0.7711864406779662
Entity_16,2025-11-30,risk_percentile,0.2796610169491525
Entity_39,2025-11-30,risk_percentile,0.135593220338983
Entity_113,2025-11-30,risk_percentile,0.7627118644067796
